-- phpMyAdmin SQL Dump
-- version 5.2.1
-- https://www.phpmyadmin.net/
--
-- Host: localhost
-- Generation Time: Jul 17, 2026 at 06:57 PM
-- Server version: 10.4.28-MariaDB
-- PHP Version: 8.2.4

SET SQL_MODE = "NO_AUTO_VALUE_ON_ZERO";
START TRANSACTION;
SET time_zone = "+00:00";


/*!40101 SET @OLD_CHARACTER_SET_CLIENT=@@CHARACTER_SET_CLIENT */;
/*!40101 SET @OLD_CHARACTER_SET_RESULTS=@@CHARACTER_SET_RESULTS */;
/*!40101 SET @OLD_COLLATION_CONNECTION=@@COLLATION_CONNECTION */;
/*!40101 SET NAMES utf8mb4 */;

--
-- Database: `HealthConnect`
--

-- --------------------------------------------------------

--
-- Table structure for table `appointments`
--

CREATE TABLE `appointments` (
  `appointment_id` int(11) NOT NULL,
  `patient_id` int(11) DEFAULT NULL,
  `doctor_id` int(11) DEFAULT NULL,
  `appointment_date` date DEFAULT NULL,
  `appointment_time` time DEFAULT NULL,
  `status` enum('Booked','Completed','Cancelled') DEFAULT NULL,
  `token_number` int(11) DEFAULT NULL,
  `priority` enum('Emergency','Pregnant','Senior Citizen','Child','Disabled','Normal') DEFAULT NULL,
  `booking_type` enum('Online','Walk-in') DEFAULT NULL,
  `remarks` varchar(255) DEFAULT NULL
) ENGINE=InnoDB DEFAULT CHARSET=utf8mb4 COLLATE=utf8mb4_general_ci;

--
-- Dumping data for table `appointments`
--

INSERT INTO `appointments` (`appointment_id`, `patient_id`, `doctor_id`, `appointment_date`, `appointment_time`, `status`, `token_number`, `priority`, `booking_type`, `remarks`) VALUES
(1, 78, 29, '2025-07-14', '13:15:00', 'Cancelled', 1, 'Emergency', 'Walk-in', 'Follow up visit'),
(2, 56, 8, '2025-07-10', '16:30:00', 'Booked', 2, 'Pregnant', 'Walk-in', 'Follow up visit'),
(3, 77, 4, '2025-07-01', '12:30:00', 'Booked', 3, 'Pregnant', 'Walk-in', 'Follow up visit'),
(4, 38, 21, '2025-07-04', '09:45:00', 'Cancelled', 4, 'Child', 'Online', 'Follow up visit'),
(5, 17, 25, '2025-07-18', '12:30:00', 'Booked', 5, 'Child', 'Online', 'Follow up visit'),
(6, 56, 2, '2025-07-15', '10:30:00', 'Cancelled', 6, 'Child', 'Walk-in', 'Follow up visit'),
(7, 54, 19, '2025-07-04', '15:00:00', 'Completed', 7, 'Pregnant', 'Walk-in', 'Follow up visit'),
(8, 47, 6, '2025-07-14', '10:15:00', 'Completed', 8, 'Disabled', 'Walk-in', 'Follow up visit'),
(9, 68, 6, '2025-07-13', '13:30:00', 'Booked', 9, 'Senior Citizen', 'Online', 'Follow up visit'),
(10, 10, 33, '2025-07-21', '10:15:00', 'Completed', 10, 'Senior Citizen', 'Online', 'Follow up visit'),
(11, 31, 7, '2025-07-05', '13:15:00', 'Booked', 11, 'Disabled', 'Online', 'Follow up visit'),
(12, 10, 12, '2025-07-31', '16:45:00', 'Cancelled', 12, 'Disabled', 'Walk-in', 'Follow up visit'),
(13, 73, 42, '2025-07-21', '14:30:00', 'Booked', 13, 'Child', 'Online', 'Follow up visit'),
(14, 61, 29, '2025-07-21', '13:30:00', 'Cancelled', 14, 'Emergency', 'Walk-in', 'Follow up visit'),
(15, 65, 5, '2025-07-10', '16:45:00', 'Booked', 15, 'Emergency', 'Walk-in', 'Follow up visit'),
(16, 37, 5, '2025-07-21', '10:45:00', 'Completed', 16, 'Disabled', 'Online', 'Follow up visit'),
(17, 58, 59, '2025-07-26', '12:30:00', 'Cancelled', 17, 'Child', 'Online', 'Follow up visit'),
(18, 8, 29, '2025-07-04', '14:00:00', 'Cancelled', 18, 'Normal', 'Online', 'Follow up visit'),
(19, 6, 16, '2025-07-23', '16:45:00', 'Cancelled', 19, 'Disabled', 'Online', 'Follow up visit'),
(20, 47, 24, '2025-07-30', '13:45:00', 'Completed', 20, 'Senior Citizen', 'Online', 'Follow up visit'),
(21, 43, 5, '2025-07-11', '10:45:00', 'Completed', 21, 'Senior Citizen', 'Online', 'Follow up visit'),
(22, 43, 6, '2025-07-19', '11:30:00', 'Completed', 22, 'Normal', 'Walk-in', 'Follow up visit'),
(23, 17, 39, '2025-07-23', '10:30:00', 'Cancelled', 23, 'Child', 'Walk-in', 'Follow up visit'),
(24, 17, 43, '2025-07-23', '17:00:00', 'Cancelled', 24, 'Normal', 'Walk-in', 'Follow up visit'),
(25, 66, 24, '2025-07-01', '14:30:00', 'Booked', 25, 'Pregnant', 'Walk-in', 'Follow up visit'),
(26, 63, 13, '2025-07-08', '11:15:00', 'Booked', 26, 'Senior Citizen', 'Online', 'Follow up visit'),
(27, 65, 50, '2025-07-18', '17:00:00', 'Cancelled', 27, 'Senior Citizen', 'Online', 'Follow up visit'),
(28, 77, 25, '2025-07-05', '11:15:00', 'Cancelled', 28, 'Disabled', 'Online', 'Follow up visit'),
(29, 57, 3, '2025-07-14', '14:15:00', 'Completed', 29, 'Disabled', 'Walk-in', 'Follow up visit'),
(30, 58, 15, '2025-07-18', '12:30:00', 'Completed', 30, 'Pregnant', 'Walk-in', 'Follow up visit'),
(31, 74, 29, '2025-07-15', '13:45:00', 'Cancelled', 31, 'Disabled', 'Walk-in', 'Follow up visit'),
(32, 21, 53, '2025-07-07', '11:30:00', 'Booked', 32, 'Normal', 'Walk-in', 'Follow up visit'),
(33, 48, 36, '2025-07-30', '10:00:00', 'Completed', 33, 'Emergency', 'Online', 'Follow up visit'),
(34, 35, 29, '2025-07-29', '17:15:00', 'Completed', 34, 'Emergency', 'Online', 'Follow up visit'),
(35, 58, 57, '2025-07-12', '09:45:00', 'Booked', 35, 'Child', 'Walk-in', 'Follow up visit'),
(36, 31, 25, '2025-07-03', '14:15:00', 'Booked', 36, 'Senior Citizen', 'Online', 'Follow up visit'),
(37, 43, 51, '2025-07-05', '11:00:00', 'Completed', 37, 'Child', 'Online', 'Follow up visit'),
(38, 61, 29, '2025-07-20', '09:00:00', 'Booked', 38, 'Senior Citizen', 'Online', 'Follow up visit'),
(39, 20, 36, '2025-07-31', '17:45:00', 'Booked', 39, 'Senior Citizen', 'Online', 'Follow up visit'),
(40, 39, 8, '2025-07-02', '12:45:00', 'Cancelled', 40, 'Disabled', 'Walk-in', 'Follow up visit'),
(41, 9, 8, '2025-07-27', '16:00:00', 'Cancelled', 41, 'Disabled', 'Online', 'Follow up visit'),
(42, 19, 19, '2025-07-14', '09:30:00', 'Booked', 42, 'Disabled', 'Walk-in', 'Follow up visit'),
(43, 24, 43, '2025-07-22', '10:30:00', 'Booked', 43, 'Disabled', 'Online', 'Follow up visit'),
(44, 50, 56, '2025-07-16', '09:45:00', 'Completed', 44, 'Senior Citizen', 'Online', 'Follow up visit'),
(45, 46, 51, '2025-07-03', '14:15:00', 'Cancelled', 45, 'Normal', 'Online', 'Follow up visit'),
(46, 75, 48, '2025-07-25', '14:15:00', 'Booked', 46, 'Senior Citizen', 'Walk-in', 'Follow up visit'),
(47, 23, 54, '2025-07-25', '16:45:00', 'Cancelled', 47, 'Pregnant', 'Online', 'Follow up visit'),
(48, 9, 46, '2025-07-25', '16:00:00', 'Completed', 48, 'Pregnant', 'Online', 'Follow up visit'),
(49, 26, 57, '2025-07-02', '14:30:00', 'Cancelled', 49, 'Child', 'Walk-in', 'Follow up visit'),
(50, 33, 3, '2025-07-25', '12:30:00', 'Completed', 50, 'Emergency', 'Walk-in', 'Follow up visit'),
(51, 35, 8, '2025-07-26', '14:45:00', 'Completed', 51, 'Normal', 'Walk-in', 'Follow up visit'),
(52, 50, 22, '2025-07-06', '16:45:00', 'Completed', 52, 'Disabled', 'Walk-in', 'Follow up visit'),
(53, 11, 47, '2025-07-14', '10:45:00', 'Cancelled', 53, 'Pregnant', 'Walk-in', 'Follow up visit'),
(54, 42, 7, '2025-07-03', '14:30:00', 'Completed', 54, 'Child', 'Walk-in', 'Follow up visit'),
(55, 22, 45, '2025-07-15', '14:45:00', 'Booked', 55, 'Normal', 'Walk-in', 'Follow up visit'),
(56, 79, 28, '2025-07-09', '09:00:00', 'Cancelled', 56, 'Normal', 'Walk-in', 'Follow up visit'),
(57, 47, 33, '2025-07-26', '11:00:00', 'Booked', 57, 'Disabled', 'Walk-in', 'Follow up visit'),
(58, 5, 9, '2025-07-03', '12:30:00', 'Completed', 58, 'Child', 'Online', 'Follow up visit'),
(59, 78, 10, '2025-07-22', '16:30:00', 'Completed', 59, 'Child', 'Online', 'Follow up visit'),
(60, 74, 9, '2025-07-17', '14:45:00', 'Completed', 60, 'Normal', 'Walk-in', 'Follow up visit'),
(61, 32, 8, '2025-07-01', '11:45:00', 'Cancelled', 61, 'Child', 'Online', 'Follow up visit'),
(62, 34, 50, '2025-07-09', '16:15:00', 'Cancelled', 62, 'Senior Citizen', 'Walk-in', 'Follow up visit'),
(63, 26, 8, '2025-07-05', '10:45:00', 'Booked', 63, 'Normal', 'Walk-in', 'Follow up visit'),
(64, 12, 52, '2025-07-22', '14:30:00', 'Cancelled', 64, 'Emergency', 'Walk-in', 'Follow up visit'),
(65, 39, 55, '2025-07-06', '11:30:00', 'Cancelled', 65, 'Pregnant', 'Online', 'Follow up visit'),
(66, 26, 51, '2025-07-05', '12:45:00', 'Booked', 66, 'Senior Citizen', 'Walk-in', 'Follow up visit'),
(67, 60, 52, '2025-07-18', '11:00:00', 'Booked', 67, 'Senior Citizen', 'Walk-in', 'Follow up visit'),
(68, 62, 34, '2025-07-14', '15:00:00', 'Booked', 68, 'Senior Citizen', 'Online', 'Follow up visit'),
(69, 58, 30, '2025-07-22', '17:30:00', 'Booked', 69, 'Disabled', 'Online', 'Follow up visit'),
(70, 17, 28, '2025-07-17', '09:00:00', 'Cancelled', 70, 'Pregnant', 'Walk-in', 'Follow up visit'),
(71, 22, 11, '2025-07-11', '12:30:00', 'Cancelled', 71, 'Senior Citizen', 'Online', 'Follow up visit'),
(72, 33, 13, '2025-07-21', '17:30:00', 'Booked', 72, 'Normal', 'Walk-in', 'Follow up visit'),
(73, 79, 35, '2025-07-03', '17:15:00', 'Cancelled', 73, 'Disabled', 'Online', 'Follow up visit'),
(74, 22, 43, '2025-07-20', '14:00:00', 'Booked', 74, 'Emergency', 'Online', 'Follow up visit'),
(75, 74, 17, '2025-07-21', '12:45:00', 'Cancelled', 75, 'Normal', 'Online', 'Follow up visit'),
(76, 64, 57, '2025-07-21', '17:30:00', 'Cancelled', 76, 'Senior Citizen', 'Walk-in', 'Follow up visit'),
(77, 32, 52, '2025-07-26', '15:30:00', 'Completed', 77, 'Emergency', 'Online', 'Follow up visit'),
(78, 21, 29, '2025-07-14', '16:45:00', 'Booked', 78, 'Senior Citizen', 'Online', 'Follow up visit'),
(79, 41, 56, '2025-07-23', '14:30:00', 'Completed', 79, 'Pregnant', 'Walk-in', 'Follow up visit'),
(80, 66, 36, '2025-07-04', '14:15:00', 'Completed', 80, 'Emergency', 'Walk-in', 'Follow up visit'),
(81, 58, 16, '2025-07-05', '10:00:00', 'Completed', 81, 'Child', 'Walk-in', 'Follow up visit'),
(82, 32, 56, '2025-07-29', '11:30:00', 'Cancelled', 82, 'Normal', 'Walk-in', 'Follow up visit'),
(83, 25, 49, '2025-07-06', '16:45:00', 'Completed', 83, 'Senior Citizen', 'Walk-in', 'Follow up visit'),
(84, 3, 6, '2025-07-31', '15:45:00', 'Booked', 84, 'Pregnant', 'Walk-in', 'Follow up visit'),
(85, 7, 4, '2025-07-10', '16:45:00', 'Completed', 85, 'Disabled', 'Online', 'Follow up visit'),
(86, 14, 28, '2025-07-05', '13:30:00', 'Completed', 86, 'Senior Citizen', 'Online', 'Follow up visit'),
(87, 52, 4, '2025-07-19', '17:15:00', 'Completed', 87, 'Disabled', 'Walk-in', 'Follow up visit'),
(88, 10, 25, '2025-07-17', '16:30:00', 'Cancelled', 88, 'Normal', 'Online', 'Follow up visit'),
(89, 17, 7, '2025-07-13', '14:30:00', 'Cancelled', 89, 'Senior Citizen', 'Online', 'Follow up visit'),
(90, 26, 39, '2025-07-17', '15:00:00', 'Booked', 90, 'Emergency', 'Online', 'Follow up visit'),
(91, 43, 52, '2025-07-16', '17:45:00', 'Booked', 91, 'Disabled', 'Online', 'Follow up visit'),
(92, 42, 60, '2025-07-20', '14:15:00', 'Completed', 92, 'Disabled', 'Walk-in', 'Follow up visit'),
(93, 76, 22, '2025-07-17', '17:45:00', 'Cancelled', 93, 'Disabled', 'Walk-in', 'Follow up visit'),
(94, 61, 53, '2025-07-01', '14:30:00', 'Cancelled', 94, 'Emergency', 'Walk-in', 'Follow up visit'),
(95, 75, 20, '2025-07-26', '09:45:00', 'Completed', 95, 'Normal', 'Online', 'Follow up visit'),
(96, 7, 38, '2025-07-16', '11:45:00', 'Booked', 96, 'Normal', 'Online', 'Follow up visit'),
(97, 5, 37, '2025-07-31', '10:15:00', 'Booked', 97, 'Child', 'Walk-in', 'Follow up visit'),
(98, 54, 10, '2025-07-14', '12:45:00', 'Cancelled', 98, 'Disabled', 'Walk-in', 'Follow up visit'),
(99, 8, 46, '2025-07-05', '17:15:00', 'Cancelled', 99, 'Senior Citizen', 'Walk-in', 'Follow up visit'),
(100, 68, 25, '2025-07-11', '11:45:00', 'Cancelled', 100, 'Senior Citizen', 'Walk-in', 'Follow up visit'),
(101, 35, 39, '2025-06-14', '12:45:00', 'Completed', 26, 'Normal', 'Walk-in', 'Emergency consultation'),
(102, 126, 74, '2025-05-05', '14:45:00', 'Booked', 26, 'Child', 'Online', 'Medicine refill'),
(103, 140, 24, '2025-12-16', '17:00:00', 'Cancelled', 30, 'Normal', 'Online', 'Reports review'),
(104, 75, 9, '2025-07-29', '16:15:00', 'Completed', 16, 'Senior Citizen', 'Online', 'Emergency consultation'),
(105, 109, 49, '2025-02-07', '16:45:00', 'Completed', 35, 'Normal', 'Walk-in', 'Medicine refill'),
(106, 10, 47, '2025-12-26', '17:00:00', 'Booked', 16, 'Normal', 'Walk-in', 'Routine checkup'),
(107, 12, 73, '2025-11-27', '15:30:00', 'Cancelled', 28, 'Pregnant', 'Online', 'New complaint'),
(108, 57, 66, '2025-09-23', '17:15:00', 'Completed', 26, 'Disabled', 'Online', 'New complaint'),
(109, 7, 62, '2025-02-23', '13:45:00', 'Cancelled', 6, 'Pregnant', 'Online', 'New complaint'),
(110, 80, 44, '2025-08-22', '12:45:00', 'Completed', 7, 'Disabled', 'Walk-in', 'New complaint'),
(111, 18, 39, '2025-01-23', '10:00:00', 'Cancelled', 7, 'Normal', 'Online', 'Emergency consultation'),
(112, 63, 67, '2025-03-31', '17:15:00', 'Completed', 28, 'Normal', 'Online', 'Reports review'),
(113, 48, 24, '2025-11-24', '15:45:00', 'Booked', 40, 'Normal', 'Walk-in', 'Medicine refill'),
(114, 110, 50, '2025-01-03', '12:15:00', 'Booked', 5, 'Normal', 'Online', 'New complaint'),
(115, 84, 26, '2025-08-23', '10:30:00', 'Completed', 32, 'Normal', 'Walk-in', 'Medicine refill'),
(116, 100, 79, '2025-07-20', '10:30:00', 'Completed', 30, 'Normal', 'Walk-in', 'Medicine refill'),
(117, 22, 18, '2025-06-10', '10:15:00', 'Completed', 12, 'Child', 'Online', 'Medicine refill'),
(118, 100, 54, '2025-11-02', '11:45:00', 'Completed', 32, 'Normal', 'Online', 'Medicine refill'),
(119, 43, 63, '2025-05-28', '11:15:00', 'Completed', 29, 'Normal', 'Walk-in', 'Follow up visit'),
(120, 125, 18, '2025-04-10', '15:45:00', 'Completed', 32, 'Child', 'Walk-in', 'Reports review'),
(121, 43, 11, '2025-10-17', '09:15:00', 'Booked', 18, 'Senior Citizen', 'Walk-in', 'Routine checkup'),
(122, 118, 73, '2025-09-11', '17:00:00', 'Completed', 18, 'Normal', 'Walk-in', 'Medicine refill'),
(123, 11, 57, '2025-10-07', '12:45:00', 'Booked', 16, 'Senior Citizen', 'Online', 'Reports review'),
(124, 68, 45, '2025-02-14', '16:00:00', 'Completed', 16, 'Senior Citizen', 'Walk-in', 'Emergency consultation'),
(125, 110, 22, '2025-11-12', '11:15:00', 'Cancelled', 4, 'Normal', 'Walk-in', 'Medicine refill'),
(126, 138, 22, '2025-06-15', '13:30:00', 'Completed', 33, 'Normal', 'Online', 'Routine checkup'),
(127, 106, 8, '2025-05-22', '11:15:00', 'Booked', 21, 'Normal', 'Walk-in', 'Reports review'),
(128, 37, 74, '2025-11-20', '13:45:00', 'Completed', 5, 'Normal', 'Online', 'Reports review'),
(129, 132, 36, '2025-12-22', '14:45:00', 'Cancelled', 21, 'Normal', 'Online', 'Emergency consultation'),
(130, 118, 46, '2025-02-02', '17:45:00', 'Booked', 28, 'Normal', 'Walk-in', 'New complaint'),
(131, 83, 37, '2025-06-22', '17:15:00', 'Completed', 32, 'Normal', 'Online', 'Follow up visit'),
(132, 26, 59, '2025-01-09', '10:15:00', 'Completed', 1, 'Normal', 'Walk-in', 'Routine checkup'),
(133, 34, 39, '2025-03-23', '13:00:00', 'Completed', 17, 'Emergency', 'Online', 'Follow up visit'),
(134, 102, 40, '2025-12-25', '12:45:00', 'Completed', 7, 'Emergency', 'Walk-in', 'Follow up visit'),
(135, 34, 76, '2025-04-26', '17:45:00', 'Booked', 22, 'Normal', 'Walk-in', 'Emergency consultation'),
(136, 34, 62, '2025-02-06', '12:45:00', 'Booked', 7, 'Pregnant', 'Walk-in', 'New complaint'),
(137, 36, 49, '2025-03-10', '11:00:00', 'Completed', 1, 'Normal', 'Online', 'Reports review'),
(138, 90, 28, '2025-11-18', '11:45:00', 'Completed', 29, 'Normal', 'Online', 'Follow up visit'),
(139, 36, 16, '2025-10-29', '15:30:00', 'Cancelled', 21, 'Normal', 'Online', 'New complaint'),
(140, 22, 32, '2025-10-11', '13:00:00', 'Cancelled', 20, 'Senior Citizen', 'Online', 'Emergency consultation'),
(141, 101, 38, '2025-11-27', '09:15:00', 'Completed', 8, 'Senior Citizen', 'Online', 'Medicine refill'),
(142, 4, 47, '2025-06-12', '11:45:00', 'Cancelled', 37, 'Disabled', 'Online', 'Reports review'),
(143, 19, 3, '2025-10-28', '10:00:00', 'Booked', 3, 'Normal', 'Walk-in', 'Medicine refill'),
(144, 74, 65, '2025-08-01', '15:45:00', 'Booked', 35, 'Normal', 'Online', 'New complaint'),
(145, 22, 40, '2025-02-10', '17:15:00', 'Cancelled', 10, 'Normal', 'Walk-in', 'Medicine refill'),
(146, 17, 40, '2025-12-24', '15:15:00', 'Booked', 6, 'Normal', 'Online', 'Reports review'),
(147, 15, 40, '2025-12-08', '11:00:00', 'Booked', 9, 'Normal', 'Online', 'Reports review'),
(148, 89, 67, '2025-09-22', '13:15:00', 'Completed', 18, 'Normal', 'Online', 'Follow up visit'),
(149, 86, 55, '2025-05-20', '17:00:00', 'Booked', 37, 'Normal', 'Walk-in', 'Reports review'),
(150, 131, 47, '2025-01-29', '16:15:00', 'Completed', 17, 'Normal', 'Online', 'Routine checkup'),
(151, 131, 1, '2025-01-23', '09:15:00', 'Booked', 24, 'Child', 'Online', 'Routine checkup'),
(152, 10, 71, '2025-12-02', '15:15:00', 'Completed', 27, 'Normal', 'Walk-in', 'New complaint'),
(153, 20, 74, '2025-07-10', '10:00:00', 'Booked', 34, 'Normal', 'Walk-in', 'Follow up visit'),
(154, 120, 37, '2025-06-09', '14:00:00', 'Completed', 1, 'Child', 'Walk-in', 'Medicine refill'),
(155, 78, 80, '2025-05-05', '16:30:00', 'Completed', 32, 'Normal', 'Online', 'Emergency consultation'),
(156, 140, 32, '2025-03-19', '09:45:00', 'Booked', 35, 'Child', 'Online', 'New complaint'),
(157, 1, 49, '2025-06-07', '10:15:00', 'Completed', 16, 'Disabled', 'Online', 'Routine checkup'),
(158, 72, 12, '2025-01-23', '12:45:00', 'Completed', 24, 'Disabled', 'Online', 'Medicine refill'),
(159, 25, 65, '2025-03-10', '15:00:00', 'Completed', 4, 'Disabled', 'Online', 'Routine checkup'),
(160, 75, 34, '2025-06-11', '15:30:00', 'Completed', 18, 'Senior Citizen', 'Online', 'Routine checkup'),
(161, 150, 14, '2025-03-21', '10:15:00', 'Completed', 21, 'Child', 'Walk-in', 'Routine checkup'),
(162, 116, 40, '2025-08-26', '13:00:00', 'Booked', 20, 'Normal', 'Online', 'Routine checkup'),
(163, 84, 19, '2025-02-16', '12:30:00', 'Completed', 4, 'Normal', 'Walk-in', 'Routine checkup'),
(164, 8, 52, '2025-08-20', '17:15:00', 'Booked', 7, 'Normal', 'Online', 'Follow up visit'),
(165, 4, 8, '2025-04-24', '11:15:00', 'Cancelled', 24, 'Normal', 'Online', 'Medicine refill'),
(166, 67, 10, '2025-01-12', '10:15:00', 'Cancelled', 29, 'Normal', 'Online', 'New complaint'),
(167, 32, 6, '2025-08-25', '09:15:00', 'Cancelled', 28, 'Normal', 'Walk-in', 'Reports review'),
(168, 8, 49, '2025-12-16', '15:15:00', 'Completed', 12, 'Senior Citizen', 'Walk-in', 'Routine checkup'),
(169, 9, 79, '2025-11-14', '12:30:00', 'Completed', 36, 'Disabled', 'Online', 'New complaint'),
(170, 99, 18, '2025-08-03', '12:15:00', 'Completed', 35, 'Normal', 'Walk-in', 'Emergency consultation'),
(174, 1, 1, '2026-07-20', '10:00:00', 'Booked', 1, NULL, NULL, NULL),
(175, 2, 1, '2026-07-20', '10:30:00', 'Booked', 2, NULL, NULL, NULL);

--
-- Triggers `appointments`
--
DELIMITER $$
CREATE TRIGGER `trg_appointment_booked` AFTER INSERT ON `appointments` FOR EACH ROW BEGIN
    INSERT INTO audit_log(user_id, operation, table_name) VALUES (1, 'INSERT', 'appointments');
END
$$
DELIMITER ;
DELIMITER $$
CREATE TRIGGER `trg_appointment_cancelled` AFTER UPDATE ON `appointments` FOR EACH ROW BEGIN
    IF NEW.status = 'Cancelled' THEN
        INSERT INTO audit_log(user_id, operation, table_name) VALUES (1, 'UPDATE', 'appointments');
    END IF;
END
$$
DELIMITER ;

-- --------------------------------------------------------

--
-- Table structure for table `audit_log`
--

CREATE TABLE `audit_log` (
  `log_id` int(11) NOT NULL,
  `user_id` int(11) NOT NULL,
  `operation` enum('INSERT','UPDATE','DELETE') NOT NULL,
  `table_name` varchar(100) DEFAULT NULL,
  `timestamp` datetime DEFAULT current_timestamp()
) ENGINE=InnoDB DEFAULT CHARSET=utf8mb4 COLLATE=utf8mb4_general_ci;

--
-- Dumping data for table `audit_log`
--

INSERT INTO `audit_log` (`log_id`, `user_id`, `operation`, `table_name`, `timestamp`) VALUES
(1, 2, 'DELETE', 'appointments', '2025-07-29 18:28:00'),
(2, 23, 'DELETE', 'prescriptions', '2025-07-27 14:52:00'),
(3, 25, 'UPDATE', 'prescriptions', '2025-07-06 08:07:00'),
(4, 13, 'DELETE', 'appointments', '2025-07-15 08:14:00'),
(5, 49, 'DELETE', 'prescriptions', '2025-07-09 18:58:00'),
(6, 13, 'UPDATE', 'lab_tests', '2025-07-03 17:40:00'),
(7, 15, 'INSERT', 'prescriptions', '2025-07-08 15:23:00'),
(8, 32, 'INSERT', 'patients', '2025-07-29 17:13:00'),
(9, 41, 'UPDATE', 'payments', '2025-07-13 09:55:00'),
(10, 33, 'INSERT', 'lab_tests', '2025-07-16 10:35:00'),
(11, 48, 'DELETE', 'payments', '2025-07-19 18:43:00'),
(12, 12, 'DELETE', 'appointments', '2025-07-03 17:08:00'),
(13, 9, 'INSERT', 'payments', '2025-07-09 17:54:00'),
(14, 47, 'DELETE', 'appointments', '2025-07-26 12:12:00'),
(15, 45, 'UPDATE', 'lab_tests', '2025-07-22 16:39:00'),
(16, 36, 'UPDATE', 'lab_tests', '2025-07-29 15:00:00'),
(17, 44, 'UPDATE', 'pharmacy', '2025-07-21 08:54:00'),
(18, 27, 'DELETE', 'pharmacy', '2025-07-09 09:43:00'),
(19, 32, 'INSERT', 'lab_tests', '2025-07-12 16:48:00'),
(20, 15, 'UPDATE', 'payments', '2025-07-02 12:58:00'),
(21, 29, 'INSERT', 'prescriptions', '2025-07-11 08:25:00'),
(22, 6, 'INSERT', 'lab_tests', '2025-07-29 17:51:00'),
(23, 15, 'INSERT', 'patients', '2025-07-23 14:04:00'),
(24, 11, 'DELETE', 'lab_tests', '2025-07-11 12:04:00'),
(25, 7, 'INSERT', 'payments', '2025-07-01 15:27:00'),
(26, 41, 'UPDATE', 'patients', '2025-07-30 13:53:00'),
(27, 7, 'INSERT', 'prescriptions', '2025-07-16 11:21:00'),
(28, 34, 'DELETE', 'payments', '2025-07-26 11:04:00'),
(29, 29, 'UPDATE', 'payments', '2025-07-25 09:40:00'),
(30, 8, 'INSERT', 'pharmacy', '2025-07-03 08:58:00'),
(31, 21, 'INSERT', 'appointments', '2025-07-29 09:50:00'),
(32, 29, 'DELETE', 'pharmacy', '2025-07-02 12:39:00'),
(33, 5, 'DELETE', 'appointments', '2025-07-04 18:03:00'),
(34, 19, 'INSERT', 'payments', '2025-07-28 14:25:00'),
(35, 49, 'DELETE', 'lab_tests', '2025-07-14 11:55:00'),
(36, 40, 'UPDATE', 'pharmacy', '2025-07-01 15:24:00'),
(37, 40, 'DELETE', 'lab_tests', '2025-07-20 09:21:00'),
(38, 2, 'DELETE', 'patients', '2025-07-15 16:21:00'),
(39, 7, 'DELETE', 'appointments', '2025-07-04 08:38:00'),
(40, 38, 'DELETE', 'patients', '2025-07-26 11:57:00'),
(41, 41, 'UPDATE', 'pharmacy', '2025-07-17 12:22:00'),
(42, 47, 'INSERT', 'patients', '2025-07-20 15:11:00'),
(43, 3, 'DELETE', 'pharmacy', '2025-07-02 10:19:00'),
(44, 33, 'DELETE', 'payments', '2025-07-21 13:19:00'),
(45, 50, 'UPDATE', 'payments', '2025-07-05 10:30:00'),
(46, 22, 'DELETE', 'payments', '2025-07-10 13:00:00'),
(47, 43, 'INSERT', 'payments', '2025-07-22 10:03:00'),
(48, 36, 'UPDATE', 'patients', '2025-07-28 08:27:00'),
(49, 13, 'INSERT', 'prescriptions', '2025-07-21 11:50:00'),
(50, 13, 'DELETE', 'pharmacy', '2025-07-22 15:44:00'),
(51, 39, 'DELETE', 'payments', '2025-07-23 13:54:00'),
(52, 22, 'UPDATE', 'patients', '2025-07-20 12:26:00'),
(53, 7, 'INSERT', 'appointments', '2025-07-15 08:31:00'),
(54, 41, 'DELETE', 'patients', '2025-07-08 11:29:00'),
(55, 16, 'DELETE', 'pharmacy', '2025-07-16 13:51:00'),
(56, 14, 'INSERT', 'prescriptions', '2025-07-13 10:52:00'),
(57, 1, 'DELETE', 'appointments', '2025-07-03 13:01:00'),
(58, 10, 'DELETE', 'payments', '2025-07-10 15:12:00'),
(59, 49, 'INSERT', 'patients', '2025-07-12 08:01:00'),
(60, 19, 'UPDATE', 'lab_tests', '2025-07-06 11:56:00'),
(61, 12, 'INSERT', 'patients', '2025-07-11 16:15:00'),
(62, 2, 'INSERT', 'appointments', '2025-07-06 12:58:00'),
(63, 44, 'INSERT', 'prescriptions', '2025-07-05 14:41:00'),
(64, 14, 'UPDATE', 'prescriptions', '2025-07-10 15:15:00'),
(65, 43, 'DELETE', 'pharmacy', '2025-07-06 16:51:00'),
(66, 46, 'INSERT', 'patients', '2025-07-03 09:09:00'),
(67, 13, 'UPDATE', 'prescriptions', '2025-07-18 14:44:00'),
(68, 39, 'INSERT', 'payments', '2025-07-14 18:15:00'),
(69, 38, 'INSERT', 'prescriptions', '2025-07-07 16:18:00'),
(70, 16, 'UPDATE', 'patients', '2025-07-02 18:50:00'),
(71, 33, 'DELETE', 'appointments', '2025-07-19 15:13:00'),
(72, 31, 'INSERT', 'patients', '2025-07-26 18:39:00'),
(73, 33, 'DELETE', 'prescriptions', '2025-07-13 18:48:00'),
(74, 32, 'UPDATE', 'lab_tests', '2025-07-17 15:11:00'),
(75, 24, 'UPDATE', 'pharmacy', '2025-07-17 15:45:00'),
(76, 18, 'DELETE', 'lab_tests', '2025-07-19 14:40:00'),
(77, 3, 'INSERT', 'pharmacy', '2025-07-07 11:57:00'),
(78, 16, 'UPDATE', 'pharmacy', '2025-07-13 11:19:00'),
(79, 37, 'DELETE', 'appointments', '2025-07-06 13:16:00'),
(80, 9, 'UPDATE', 'payments', '2025-07-25 09:18:00'),
(81, 23, 'UPDATE', 'payments', '2025-07-08 17:02:00'),
(82, 40, 'UPDATE', 'pharmacy', '2025-07-11 14:28:00'),
(83, 27, 'UPDATE', 'pharmacy', '2025-07-12 15:20:00'),
(84, 2, 'UPDATE', 'lab_tests', '2025-07-06 15:14:00'),
(85, 5, 'DELETE', 'payments', '2025-07-12 09:18:00'),
(86, 35, 'UPDATE', 'patients', '2025-07-21 09:50:00'),
(87, 7, 'INSERT', 'payments', '2025-07-04 09:23:00'),
(88, 13, 'UPDATE', 'prescriptions', '2025-07-11 11:43:00'),
(89, 20, 'UPDATE', 'patients', '2025-07-24 18:54:00'),
(90, 46, 'DELETE', 'lab_tests', '2025-07-20 10:54:00'),
(91, 35, 'UPDATE', 'prescriptions', '2025-07-30 12:00:00'),
(92, 23, 'DELETE', 'lab_tests', '2025-07-26 14:25:00'),
(93, 1, 'INSERT', 'pharmacy', '2025-07-16 18:32:00'),
(94, 15, 'INSERT', 'payments', '2025-07-08 11:30:00'),
(95, 38, 'UPDATE', 'lab_tests', '2025-07-26 16:48:00'),
(96, 30, 'INSERT', 'pharmacy', '2025-07-11 09:20:00'),
(97, 50, 'UPDATE', 'pharmacy', '2025-07-23 14:13:00'),
(98, 36, 'DELETE', 'patients', '2025-07-01 13:08:00'),
(99, 20, 'DELETE', 'prescriptions', '2025-07-24 08:31:00'),
(100, 22, 'DELETE', 'pharmacy', '2025-07-08 14:27:00'),
(101, 61, 'DELETE', 'lab_tests', '2025-08-28 17:44:00'),
(102, 43, 'DELETE', 'payments', '2025-06-21 17:19:00'),
(103, 54, 'UPDATE', 'appointments', '2025-02-23 15:56:00'),
(104, 6, 'UPDATE', 'appointments', '2025-01-02 18:14:00'),
(105, 30, 'UPDATE', 'payments', '2025-04-20 11:30:00'),
(106, 43, 'DELETE', 'pharmacy', '2025-04-16 14:11:00'),
(107, 1, 'UPDATE', 'patients', '2025-02-07 13:01:00'),
(108, 72, 'INSERT', 'appointments', '2025-05-29 15:12:00'),
(109, 75, 'UPDATE', 'patients', '2025-01-16 11:12:00'),
(110, 37, 'INSERT', 'appointments', '2025-05-15 19:11:00'),
(111, 44, 'DELETE', 'appointments', '2025-04-02 11:01:00'),
(112, 23, 'UPDATE', 'patients', '2025-01-11 18:08:00'),
(113, 49, 'DELETE', 'doctors', '2025-02-26 13:59:00'),
(114, 27, 'UPDATE', 'pharmacy', '2025-05-03 13:51:00'),
(115, 48, 'DELETE', 'appointments', '2025-09-27 20:39:00'),
(116, 56, 'DELETE', 'patients', '2025-03-02 10:56:00'),
(117, 17, 'INSERT', 'appointments', '2025-09-30 14:44:00'),
(118, 48, 'UPDATE', 'payments', '2025-08-08 18:15:00'),
(119, 6, 'DELETE', 'payments', '2025-04-07 16:18:00'),
(120, 20, 'UPDATE', 'appointments', '2025-01-28 18:50:00'),
(121, 36, 'INSERT', 'doctors', '2025-09-18 17:56:00'),
(122, 63, 'INSERT', 'lab_tests', '2025-02-11 20:30:00'),
(123, 79, 'INSERT', 'appointments', '2025-09-18 14:48:00'),
(124, 66, 'UPDATE', 'pharmacy', '2025-09-23 15:11:00'),
(125, 42, 'DELETE', 'prescriptions', '2025-09-27 19:30:00'),
(126, 64, 'UPDATE', 'prescriptions', '2025-10-25 14:40:00'),
(127, 75, 'DELETE', 'patients', '2025-04-17 11:57:00'),
(128, 26, 'UPDATE', 'doctors', '2025-05-01 14:13:00'),
(129, 40, 'UPDATE', 'pharmacy', '2025-10-20 10:59:00'),
(130, 48, 'UPDATE', 'payments', '2025-02-13 10:48:00'),
(131, 11, 'UPDATE', 'pharmacy', '2025-09-23 13:14:00'),
(132, 75, 'INSERT', 'pharmacy', '2025-09-20 17:21:00'),
(133, 55, 'UPDATE', 'pharmacy', '2025-08-10 14:23:00'),
(134, 64, 'UPDATE', 'prescriptions', '2025-07-15 08:11:00'),
(135, 57, 'INSERT', 'prescriptions', '2025-11-27 09:22:00'),
(136, 11, 'UPDATE', 'doctors', '2025-09-14 16:34:00'),
(137, 11, 'UPDATE', 'appointments', '2025-02-20 09:04:00'),
(138, 47, 'INSERT', 'payments', '2025-04-13 13:12:00'),
(139, 43, 'UPDATE', 'prescriptions', '2025-12-16 12:12:00'),
(140, 78, 'INSERT', 'doctors', '2025-10-06 12:00:00'),
(141, 39, 'UPDATE', 'doctors', '2025-06-27 20:25:00'),
(142, 52, 'DELETE', 'doctors', '2025-12-02 08:30:00'),
(143, 66, 'INSERT', 'doctors', '2025-07-23 11:14:00'),
(144, 27, 'UPDATE', 'appointments', '2025-09-22 17:50:00'),
(145, 71, 'UPDATE', 'lab_tests', '2025-08-25 13:50:00'),
(146, 11, 'UPDATE', 'doctors', '2025-04-07 14:49:00'),
(147, 54, 'INSERT', 'pharmacy', '2025-08-19 16:01:00'),
(148, 48, 'INSERT', 'payments', '2025-03-07 12:47:00'),
(149, 2, 'UPDATE', 'doctors', '2025-12-04 13:21:00'),
(150, 29, 'UPDATE', 'pharmacy', '2025-12-18 20:25:00'),
(151, 69, 'UPDATE', 'prescriptions', '2025-10-28 08:36:00'),
(152, 5, 'INSERT', 'appointments', '2025-06-19 17:40:00'),
(153, 78, 'DELETE', 'payments', '2025-07-20 14:13:00'),
(154, 51, 'INSERT', 'payments', '2025-07-17 11:30:00'),
(155, 14, 'UPDATE', 'payments', '2025-08-20 18:57:00'),
(156, 39, 'INSERT', 'appointments', '2025-02-23 18:35:00'),
(157, 23, 'INSERT', 'doctors', '2025-12-19 17:31:00'),
(158, 4, 'INSERT', 'appointments', '2025-02-05 14:18:00'),
(159, 27, 'INSERT', 'prescriptions', '2025-12-04 16:04:00'),
(160, 59, 'INSERT', 'prescriptions', '2025-09-23 08:10:00'),
(161, 42, 'UPDATE', 'pharmacy', '2025-03-22 09:08:00'),
(162, 69, 'UPDATE', 'pharmacy', '2025-02-05 14:57:00'),
(163, 27, 'INSERT', 'doctors', '2025-04-16 12:27:00'),
(164, 61, 'INSERT', 'payments', '2025-10-22 12:37:00'),
(165, 26, 'DELETE', 'lab_tests', '2025-12-17 15:17:00'),
(166, 26, 'INSERT', 'appointments', '2025-08-17 09:52:00'),
(167, 52, 'DELETE', 'doctors', '2025-05-07 16:21:00'),
(168, 73, 'UPDATE', 'pharmacy', '2025-08-25 17:02:00'),
(169, 12, 'UPDATE', 'lab_tests', '2025-08-22 13:44:00'),
(170, 39, 'UPDATE', 'payments', '2025-03-31 14:15:00'),
(171, 1, 'INSERT', 'appointments', '2026-07-16 18:52:15'),
(172, 1, 'UPDATE', 'appointments', '2026-07-16 18:52:15'),
(173, 1, 'INSERT', 'follow_up', '2026-07-16 18:57:04'),
(174, 1, 'INSERT', 'feedback', '2026-07-16 19:18:15'),
(175, 81, 'UPDATE', 'users', '2026-07-16 19:23:48'),
(176, 81, 'UPDATE', 'users', '2026-07-16 19:23:48'),
(177, 81, 'UPDATE', 'users', '2026-07-16 19:25:21'),
(178, 81, 'UPDATE', 'users', '2026-07-16 19:25:52'),
(179, 2, 'INSERT', 'medical_history', '2026-07-16 19:43:41'),
(180, 1, 'INSERT', 'diet_plan', '2026-07-16 19:44:06'),
(181, 1, 'INSERT', 'diet_plan', '2026-07-16 19:44:06'),
(182, 1, 'INSERT', 'follow_up', '2026-07-16 19:44:27'),
(183, 1, 'INSERT', 'doctors', '2026-07-16 19:52:00'),
(184, 1, 'DELETE', 'doctors', '2026-07-16 19:53:48'),
(185, 1, 'UPDATE', 'appointments', '2026-07-16 19:55:49'),
(186, 1, 'INSERT', 'payments', '2026-07-16 19:57:09'),
(187, 1, 'INSERT', 'feedback', '2026-07-17 10:57:35'),
(188, 1, 'UPDATE', 'payments', '2026-07-17 11:01:29'),
(189, 1, 'UPDATE', 'payments', '2026-07-17 11:02:38'),
(190, 1, 'UPDATE', 'payments', '2026-07-17 14:55:54'),
(191, 1, 'UPDATE', 'appointments', '2026-07-17 15:12:46'),
(192, 1, 'INSERT', 'follow_up', '2026-07-17 21:23:16'),
(193, 1, 'INSERT', 'follow_up', '2026-07-17 21:35:10'),
(194, 1, 'INSERT', 'follow_up', '2026-07-17 21:35:42'),
(195, 1, 'INSERT', 'follow_up', '2026-07-17 21:40:27'),
(196, 1, 'INSERT', 'appointments', '2026-07-17 21:45:06'),
(197, 1, 'INSERT', 'appointments', '2026-07-17 21:47:16'),
(198, 1, 'INSERT', 'appointments', '2026-07-17 22:04:02'),
(199, 1, 'INSERT', 'appointments', '2026-07-17 22:04:02');

-- --------------------------------------------------------

--
-- Table structure for table `departments`
--

CREATE TABLE `departments` (
  `department_id` int(11) NOT NULL,
  `department_name` varchar(100) NOT NULL,
  `floor` varchar(20) DEFAULT NULL,
  `description` text DEFAULT NULL
) ENGINE=InnoDB DEFAULT CHARSET=utf8mb4 COLLATE=utf8mb4_general_ci;

--
-- Dumping data for table `departments`
--

INSERT INTO `departments` (`department_id`, `department_name`, `floor`, `description`) VALUES
(1, 'Cardiology', '2nd Floor', 'Heart and vascular care'),
(2, 'Neurology', '3rd Floor', 'Brain and nervous system'),
(3, 'Orthopedics', '4th Floor', 'Bone and joint care'),
(4, 'Pediatrics', '1st Floor', 'Child healthcare'),
(5, 'Gynecology', '2nd Floor', 'Women healthcare'),
(6, 'Dermatology', '5th Floor', 'Skin care'),
(7, 'ENT', '3rd Floor', 'Ear Nose Throat'),
(8, 'General Medicine', '1st Floor', 'General physician'),
(9, 'Ophthalmology', '4th Floor', 'Eye care'),
(10, 'Dentistry', 'Ground Floor', 'Dental care'),
(11, 'Urology', '5th Floor', 'Urinary system'),
(12, 'Psychiatry', '2nd Floor', 'Mental health'),
(13, 'Oncology', '6th Floor', 'Cancer treatment'),
(14, 'Radiology', 'Basement', 'Imaging department'),
(15, 'Emergency', 'Ground Floor', '24x7 Emergency');

-- --------------------------------------------------------

--
-- Table structure for table `diet_plan`
--

CREATE TABLE `diet_plan` (
  `diet_id` int(11) NOT NULL,
  `patient_id` int(11) NOT NULL,
  `doctor_id` int(11) NOT NULL,
  `breakfast` varchar(255) DEFAULT NULL,
  `lunch` varchar(255) DEFAULT NULL,
  `snacks` varchar(255) DEFAULT NULL,
  `dinner` varchar(255) DEFAULT NULL,
  `water` varchar(50) DEFAULT NULL,
  `instructions` text DEFAULT NULL
) ENGINE=InnoDB DEFAULT CHARSET=utf8mb4 COLLATE=utf8mb4_general_ci;

--
-- Dumping data for table `diet_plan`
--

INSERT INTO `diet_plan` (`diet_id`, `patient_id`, `doctor_id`, `breakfast`, `lunch`, `snacks`, `dinner`, `water`, `instructions`) VALUES
(1, 54, 11, 'Oats + fruit', 'Gujarati thali', 'Nuts', 'Soup + roti', '2.5 L', 'Avoid fried food'),
(2, 44, 15, 'Oats + fruit', 'Gujarati thali', 'Nuts', 'Soup + roti', '2.5 L', 'Avoid fried food'),
(3, 38, 39, 'Oats + fruit', 'Gujarati thali', 'Nuts', 'Soup + roti', '2.5 L', 'Avoid fried food'),
(4, 21, 51, 'Oats + fruit', 'Gujarati thali', 'Nuts', 'Soup + roti', '2.5 L', 'Avoid fried food'),
(5, 79, 58, 'Oats + fruit', 'Gujarati thali', 'Nuts', 'Soup + roti', '2.5 L', 'Avoid fried food'),
(6, 22, 37, 'Oats + fruit', 'Gujarati thali', 'Nuts', 'Soup + roti', '2.5 L', 'Avoid fried food'),
(7, 71, 55, 'Oats + fruit', 'Gujarati thali', 'Nuts', 'Soup + roti', '2.5 L', 'Avoid fried food'),
(8, 30, 6, 'Oats + fruit', 'Gujarati thali', 'Nuts', 'Soup + roti', '2.5 L', 'Avoid fried food'),
(9, 53, 55, 'Oats + fruit', 'Gujarati thali', 'Nuts', 'Soup + roti', '2.5 L', 'Avoid fried food'),
(10, 67, 32, 'Oats + fruit', 'Gujarati thali', 'Nuts', 'Soup + roti', '2.5 L', 'Avoid fried food'),
(11, 28, 38, 'Oats + fruit', 'Gujarati thali', 'Nuts', 'Soup + roti', '2.5 L', 'Avoid fried food'),
(12, 61, 54, 'Oats + fruit', 'Gujarati thali', 'Nuts', 'Soup + roti', '2.5 L', 'Avoid fried food'),
(13, 60, 18, 'Oats + fruit', 'Gujarati thali', 'Nuts', 'Soup + roti', '2.5 L', 'Avoid fried food'),
(14, 2, 47, 'Oats + fruit', 'Gujarati thali', 'Nuts', 'Soup + roti', '2.5 L', 'Avoid fried food'),
(15, 55, 48, 'Oats + fruit', 'Gujarati thali', 'Nuts', 'Soup + roti', '2.5 L', 'Avoid fried food'),
(16, 32, 16, 'Oats + fruit', 'Gujarati thali', 'Nuts', 'Soup + roti', '2.5 L', 'Avoid fried food'),
(17, 42, 28, 'Oats + fruit', 'Gujarati thali', 'Nuts', 'Soup + roti', '2.5 L', 'Avoid fried food'),
(18, 75, 15, 'Oats + fruit', 'Gujarati thali', 'Nuts', 'Soup + roti', '2.5 L', 'Avoid fried food'),
(19, 76, 10, 'Oats + fruit', 'Gujarati thali', 'Nuts', 'Soup + roti', '2.5 L', 'Avoid fried food'),
(20, 74, 58, 'Oats + fruit', 'Gujarati thali', 'Nuts', 'Soup + roti', '2.5 L', 'Avoid fried food'),
(21, 1, 27, 'Oats + fruit', 'Gujarati thali', 'Nuts', 'Soup + roti', '2.5 L', 'Avoid fried food'),
(22, 6, 3, 'Oats + fruit', 'Gujarati thali', 'Nuts', 'Soup + roti', '2.5 L', 'Avoid fried food'),
(23, 61, 47, 'Oats + fruit', 'Gujarati thali', 'Nuts', 'Soup + roti', '2.5 L', 'Avoid fried food'),
(24, 65, 3, 'Oats + fruit', 'Gujarati thali', 'Nuts', 'Soup + roti', '2.5 L', 'Avoid fried food'),
(25, 55, 34, 'Oats + fruit', 'Gujarati thali', 'Nuts', 'Soup + roti', '2.5 L', 'Avoid fried food'),
(26, 51, 31, 'Oats + fruit', 'Gujarati thali', 'Nuts', 'Soup + roti', '2.5 L', 'Avoid fried food'),
(27, 13, 29, 'Oats + fruit', 'Gujarati thali', 'Nuts', 'Soup + roti', '2.5 L', 'Avoid fried food'),
(28, 64, 16, 'Oats + fruit', 'Gujarati thali', 'Nuts', 'Soup + roti', '2.5 L', 'Avoid fried food'),
(29, 11, 36, 'Oats + fruit', 'Gujarati thali', 'Nuts', 'Soup + roti', '2.5 L', 'Avoid fried food'),
(30, 2, 45, 'Oats + fruit', 'Gujarati thali', 'Nuts', 'Soup + roti', '2.5 L', 'Avoid fried food'),
(31, 53, 14, 'Oats + fruit', 'Gujarati thali', 'Nuts', 'Soup + roti', '2.5 L', 'Avoid fried food'),
(32, 17, 23, 'Oats + fruit', 'Gujarati thali', 'Nuts', 'Soup + roti', '2.5 L', 'Avoid fried food'),
(33, 38, 16, 'Oats + fruit', 'Gujarati thali', 'Nuts', 'Soup + roti', '2.5 L', 'Avoid fried food'),
(34, 12, 2, 'Oats + fruit', 'Gujarati thali', 'Nuts', 'Soup + roti', '2.5 L', 'Avoid fried food'),
(35, 62, 43, 'Oats + fruit', 'Gujarati thali', 'Nuts', 'Soup + roti', '2.5 L', 'Avoid fried food'),
(36, 40, 11, 'Oats + fruit', 'Gujarati thali', 'Nuts', 'Soup + roti', '2.5 L', 'Avoid fried food'),
(37, 59, 55, 'Oats + fruit', 'Gujarati thali', 'Nuts', 'Soup + roti', '2.5 L', 'Avoid fried food'),
(38, 74, 48, 'Oats + fruit', 'Gujarati thali', 'Nuts', 'Soup + roti', '2.5 L', 'Avoid fried food'),
(39, 75, 2, 'Oats + fruit', 'Gujarati thali', 'Nuts', 'Soup + roti', '2.5 L', 'Avoid fried food'),
(40, 59, 30, 'Oats + fruit', 'Gujarati thali', 'Nuts', 'Soup + roti', '2.5 L', 'Avoid fried food'),
(41, 18, 56, 'Oats + fruit', 'Gujarati thali', 'Nuts', 'Soup + roti', '2.5 L', 'Avoid fried food'),
(42, 52, 12, 'Oats + fruit', 'Gujarati thali', 'Nuts', 'Soup + roti', '2.5 L', 'Avoid fried food'),
(43, 48, 41, 'Oats + fruit', 'Gujarati thali', 'Nuts', 'Soup + roti', '2.5 L', 'Avoid fried food'),
(44, 60, 46, 'Oats + fruit', 'Gujarati thali', 'Nuts', 'Soup + roti', '2.5 L', 'Avoid fried food'),
(45, 1, 56, 'Oats + fruit', 'Gujarati thali', 'Nuts', 'Soup + roti', '2.5 L', 'Avoid fried food'),
(46, 10, 25, 'Oats + fruit', 'Gujarati thali', 'Nuts', 'Soup + roti', '2.5 L', 'Avoid fried food'),
(47, 43, 34, 'Oats + fruit', 'Gujarati thali', 'Nuts', 'Soup + roti', '2.5 L', 'Avoid fried food'),
(48, 5, 19, 'Oats + fruit', 'Gujarati thali', 'Nuts', 'Soup + roti', '2.5 L', 'Avoid fried food'),
(49, 55, 49, 'Oats + fruit', 'Gujarati thali', 'Nuts', 'Soup + roti', '2.5 L', 'Avoid fried food'),
(50, 35, 45, 'Oats + fruit', 'Gujarati thali', 'Nuts', 'Soup + roti', '2.5 L', 'Avoid fried food'),
(51, 79, 35, 'Oats + fruit', 'Gujarati thali', 'Nuts', 'Soup + roti', '2.5 L', 'Avoid fried food'),
(52, 74, 51, 'Oats + fruit', 'Gujarati thali', 'Nuts', 'Soup + roti', '2.5 L', 'Avoid fried food'),
(53, 27, 51, 'Oats + fruit', 'Gujarati thali', 'Nuts', 'Soup + roti', '2.5 L', 'Avoid fried food'),
(54, 11, 40, 'Oats + fruit', 'Gujarati thali', 'Nuts', 'Soup + roti', '2.5 L', 'Avoid fried food'),
(55, 43, 48, 'Oats + fruit', 'Gujarati thali', 'Nuts', 'Soup + roti', '2.5 L', 'Avoid fried food'),
(56, 8, 33, 'Oats + fruit', 'Gujarati thali', 'Nuts', 'Soup + roti', '2.5 L', 'Avoid fried food'),
(57, 47, 57, 'Oats + fruit', 'Gujarati thali', 'Nuts', 'Soup + roti', '2.5 L', 'Avoid fried food'),
(58, 7, 8, 'Oats + fruit', 'Gujarati thali', 'Nuts', 'Soup + roti', '2.5 L', 'Avoid fried food'),
(59, 50, 24, 'Oats + fruit', 'Gujarati thali', 'Nuts', 'Soup + roti', '2.5 L', 'Avoid fried food'),
(60, 60, 40, 'Oats + fruit', 'Gujarati thali', 'Nuts', 'Soup + roti', '2.5 L', 'Avoid fried food'),
(61, 6, 24, 'Oats + fruit', 'Gujarati thali', 'Nuts', 'Soup + roti', '2.5 L', 'Avoid fried food'),
(62, 47, 12, 'Oats + fruit', 'Gujarati thali', 'Nuts', 'Soup + roti', '2.5 L', 'Avoid fried food'),
(63, 72, 46, 'Oats + fruit', 'Gujarati thali', 'Nuts', 'Soup + roti', '2.5 L', 'Avoid fried food'),
(64, 9, 36, 'Oats + fruit', 'Gujarati thali', 'Nuts', 'Soup + roti', '2.5 L', 'Avoid fried food'),
(65, 27, 9, 'Oats + fruit', 'Gujarati thali', 'Nuts', 'Soup + roti', '2.5 L', 'Avoid fried food'),
(66, 43, 16, 'Oats + fruit', 'Gujarati thali', 'Nuts', 'Soup + roti', '2.5 L', 'Avoid fried food'),
(67, 70, 8, 'Oats + fruit', 'Gujarati thali', 'Nuts', 'Soup + roti', '2.5 L', 'Avoid fried food'),
(68, 62, 48, 'Oats + fruit', 'Gujarati thali', 'Nuts', 'Soup + roti', '2.5 L', 'Avoid fried food'),
(69, 75, 56, 'Oats + fruit', 'Gujarati thali', 'Nuts', 'Soup + roti', '2.5 L', 'Avoid fried food'),
(70, 27, 49, 'Oats + fruit', 'Gujarati thali', 'Nuts', 'Soup + roti', '2.5 L', 'Avoid fried food'),
(71, 29, 21, 'Oats + fruit', 'Gujarati thali', 'Nuts', 'Soup + roti', '2.5 L', 'Avoid fried food'),
(72, 46, 58, 'Oats + fruit', 'Gujarati thali', 'Nuts', 'Soup + roti', '2.5 L', 'Avoid fried food'),
(73, 35, 33, 'Oats + fruit', 'Gujarati thali', 'Nuts', 'Soup + roti', '2.5 L', 'Avoid fried food'),
(74, 55, 18, 'Oats + fruit', 'Gujarati thali', 'Nuts', 'Soup + roti', '2.5 L', 'Avoid fried food'),
(75, 7, 5, 'Oats + fruit', 'Gujarati thali', 'Nuts', 'Soup + roti', '2.5 L', 'Avoid fried food'),
(76, 48, 23, 'Oats + fruit', 'Gujarati thali', 'Nuts', 'Soup + roti', '2.5 L', 'Avoid fried food'),
(77, 58, 32, 'Oats + fruit', 'Gujarati thali', 'Nuts', 'Soup + roti', '2.5 L', 'Avoid fried food'),
(78, 65, 34, 'Oats + fruit', 'Gujarati thali', 'Nuts', 'Soup + roti', '2.5 L', 'Avoid fried food'),
(79, 16, 31, 'Oats + fruit', 'Gujarati thali', 'Nuts', 'Soup + roti', '2.5 L', 'Avoid fried food'),
(80, 69, 44, 'Oats + fruit', 'Gujarati thali', 'Nuts', 'Soup + roti', '2.5 L', 'Avoid fried food'),
(81, 69, 58, 'Oats + fruit', 'Gujarati thali', 'Nuts', 'Soup + roti', '2.5 L', 'Avoid fried food'),
(82, 38, 29, 'Oats + fruit', 'Gujarati thali', 'Nuts', 'Soup + roti', '2.5 L', 'Avoid fried food'),
(83, 80, 24, 'Oats + fruit', 'Gujarati thali', 'Nuts', 'Soup + roti', '2.5 L', 'Avoid fried food'),
(84, 9, 13, 'Oats + fruit', 'Gujarati thali', 'Nuts', 'Soup + roti', '2.5 L', 'Avoid fried food'),
(85, 59, 6, 'Oats + fruit', 'Gujarati thali', 'Nuts', 'Soup + roti', '2.5 L', 'Avoid fried food'),
(86, 11, 26, 'Oats + fruit', 'Gujarati thali', 'Nuts', 'Soup + roti', '2.5 L', 'Avoid fried food'),
(87, 23, 19, 'Oats + fruit', 'Gujarati thali', 'Nuts', 'Soup + roti', '2.5 L', 'Avoid fried food'),
(88, 10, 7, 'Oats + fruit', 'Gujarati thali', 'Nuts', 'Soup + roti', '2.5 L', 'Avoid fried food'),
(89, 22, 18, 'Oats + fruit', 'Gujarati thali', 'Nuts', 'Soup + roti', '2.5 L', 'Avoid fried food'),
(90, 15, 45, 'Oats + fruit', 'Gujarati thali', 'Nuts', 'Soup + roti', '2.5 L', 'Avoid fried food'),
(91, 19, 32, 'Oats + fruit', 'Gujarati thali', 'Nuts', 'Soup + roti', '2.5 L', 'Avoid fried food'),
(92, 20, 56, 'Oats + fruit', 'Gujarati thali', 'Nuts', 'Soup + roti', '2.5 L', 'Avoid fried food'),
(93, 27, 34, 'Oats + fruit', 'Gujarati thali', 'Nuts', 'Soup + roti', '2.5 L', 'Avoid fried food'),
(94, 3, 19, 'Oats + fruit', 'Gujarati thali', 'Nuts', 'Soup + roti', '2.5 L', 'Avoid fried food'),
(95, 54, 44, 'Oats + fruit', 'Gujarati thali', 'Nuts', 'Soup + roti', '2.5 L', 'Avoid fried food'),
(96, 70, 60, 'Oats + fruit', 'Gujarati thali', 'Nuts', 'Soup + roti', '2.5 L', 'Avoid fried food'),
(97, 17, 31, 'Oats + fruit', 'Gujarati thali', 'Nuts', 'Soup + roti', '2.5 L', 'Avoid fried food'),
(98, 45, 27, 'Oats + fruit', 'Gujarati thali', 'Nuts', 'Soup + roti', '2.5 L', 'Avoid fried food'),
(99, 57, 48, 'Oats + fruit', 'Gujarati thali', 'Nuts', 'Soup + roti', '2.5 L', 'Avoid fried food'),
(100, 3, 19, 'Oats + fruit', 'Gujarati thali', 'Nuts', 'Soup + roti', '2.5 L', 'Avoid fried food'),
(101, 23, 1, 'Dhokla + green chutney', 'Roti sabzi + dal', 'Buttermilk', 'Khichdi', '3 L', 'Eat on time'),
(102, 146, 18, 'Khakhra + chutney', 'Khichdi + kadhi', 'Buttermilk', 'Vegetable soup + salad', '3 L', 'Eat on time'),
(103, 11, 39, 'Moong dal chilla', 'Dal bhat shaak', 'Roasted chana', 'Roti + sabzi', '3 L', 'Eat on time'),
(104, 58, 4, 'Moong dal chilla', 'Gujarati thali', 'Fruit chaat', 'Vegetable soup + salad', '2.5 L', 'Eat on time'),
(105, 32, 37, 'Dhokla + green chutney', 'Khichdi + kadhi', 'Buttermilk', 'Khichdi', '2 L', 'Avoid fried food'),
(106, 71, 64, 'Thepla + curd', 'Dal bhat shaak', 'Roasted chana', 'Moong dal + rice', '2.5 L', 'Avoid spicy food'),
(107, 112, 34, 'Idli sambhar', 'Undhiyu + puri', 'Nuts', 'Vegetable soup + salad', '3 L', 'Avoid spicy food'),
(108, 5, 34, 'Khakhra + chutney', 'Dal bhat shaak', 'Nuts', 'Khichdi', '2.5 L', 'Eat on time'),
(109, 35, 46, 'Khakhra + chutney', 'Gujarati thali', 'Roasted chana', 'Vegetable soup + salad', '2.5 L', 'Avoid sugar'),
(110, 13, 38, 'Poha', 'Dal bhat shaak', 'Nuts', 'Moong dal + rice', '2 L', 'Reduce salt intake'),
(111, 25, 77, 'Moong dal chilla', 'Khichdi + kadhi', 'Handvo', 'Vegetable soup + salad', '2.5 L', 'Avoid sugar'),
(112, 70, 47, 'Thepla + curd', 'Dal bhat shaak', 'Handvo', 'Vegetable soup + salad', '2 L', 'Avoid fried food'),
(113, 36, 67, 'Poha', 'Roti sabzi + dal', 'Buttermilk', 'Roti + sabzi', '2.5 L', 'Reduce salt intake'),
(114, 27, 28, 'Khakhra + chutney', 'Dal bhat shaak', 'Fruit chaat', 'Khichdi', '3 L', 'Avoid spicy food'),
(115, 135, 69, 'Idli sambhar', 'Dal bhat shaak', 'Nuts', 'Roti + sabzi', '2.5 L', 'Avoid fried food'),
(116, 30, 17, 'Thepla + curd', 'Undhiyu + puri', 'Roasted chana', 'Vegetable soup + salad', '3 L', 'Avoid sugar'),
(117, 36, 57, 'Upma', 'Dal bhat shaak', 'Roasted chana', 'Khichdi', '3 L', 'Avoid sugar'),
(118, 8, 16, 'Khakhra + chutney', 'Khichdi + kadhi', 'Fruit chaat', 'Khichdi', '2.5 L', 'Reduce salt intake'),
(119, 54, 17, 'Thepla + curd', 'Undhiyu + puri', 'Nuts', 'Soup + roti', '2 L', 'Eat on time'),
(120, 111, 6, 'Khakhra + chutney', 'Gujarati thali', 'Nuts', 'Moong dal + rice', '3 L', 'Avoid fried food'),
(121, 121, 16, 'Poha', 'Gujarati thali', 'Nuts', 'Vegetable soup + salad', '3 L', 'Avoid fried food'),
(122, 25, 16, 'Upma', 'Khichdi + kadhi', 'Handvo', 'Khichdi', '2 L', 'Avoid sugar'),
(123, 8, 12, 'Khakhra + chutney', 'Roti sabzi + dal', 'Handvo', 'Vegetable soup + salad', '2.5 L', 'Reduce salt intake'),
(124, 129, 79, 'Khakhra + chutney', 'Dal bhat shaak', 'Handvo', 'Soup + roti', '2 L', 'Avoid spicy food'),
(125, 4, 68, 'Khakhra + chutney', 'Khichdi + kadhi', 'Roasted chana', 'Khichdi', '3 L', 'Avoid fried food'),
(126, 26, 28, 'Upma', 'Undhiyu + puri', 'Roasted chana', 'Moong dal + rice', '2 L', 'Eat on time'),
(127, 28, 24, 'Moong dal chilla', 'Roti sabzi + dal', 'Buttermilk', 'Roti + sabzi', '2 L', 'Avoid spicy food'),
(128, 59, 53, 'Thepla + curd', 'Roti sabzi + dal', 'Nuts', 'Roti + sabzi', '2 L', 'Avoid spicy food'),
(129, 35, 64, 'Moong dal chilla', 'Roti sabzi + dal', 'Roasted chana', 'Moong dal + rice', '3 L', 'Avoid fried food'),
(130, 22, 42, 'Dhokla + green chutney', 'Gujarati thali', 'Buttermilk', 'Vegetable soup + salad', '2.5 L', 'Avoid spicy food'),
(131, 80, 57, 'Khakhra + chutney', 'Dal bhat shaak', 'Buttermilk', 'Vegetable soup + salad', '2.5 L', 'Reduce salt intake'),
(132, 18, 61, 'Idli sambhar', 'Roti sabzi + dal', 'Fruit chaat', 'Soup + roti', '3 L', 'Eat on time'),
(133, 27, 51, 'Dhokla + green chutney', 'Dal bhat shaak', 'Nuts', 'Soup + roti', '2 L', 'Eat on time'),
(134, 103, 76, 'Thepla + curd', 'Khichdi + kadhi', 'Nuts', 'Vegetable soup + salad', '2 L', 'Avoid sugar'),
(135, 52, 77, 'Moong dal chilla', 'Undhiyu + puri', 'Nuts', 'Khichdi', '2.5 L', 'Eat on time'),
(136, 72, 75, 'Upma', 'Roti sabzi + dal', 'Buttermilk', 'Vegetable soup + salad', '2.5 L', 'Avoid spicy food'),
(137, 104, 63, 'Upma', 'Roti sabzi + dal', 'Fruit chaat', 'Roti + sabzi', '2 L', 'Avoid fried food'),
(138, 65, 63, 'Dhokla + green chutney', 'Khichdi + kadhi', 'Fruit chaat', 'Soup + roti', '2 L', 'Avoid fried food'),
(139, 18, 64, 'Idli sambhar', 'Gujarati thali', 'Fruit chaat', 'Roti + sabzi', '3 L', 'Avoid sugar'),
(140, 40, 39, 'Upma', 'Dal bhat shaak', 'Nuts', 'Soup + roti', '3 L', 'Avoid spicy food'),
(141, 127, 60, 'Khakhra + chutney', 'Roti sabzi + dal', 'Buttermilk', 'Roti + sabzi', '3 L', 'Avoid sugar'),
(142, 139, 44, 'Moong dal chilla', 'Dal bhat shaak', 'Handvo', 'Soup + roti', '2 L', 'Eat on time'),
(143, 31, 50, 'Dhokla + green chutney', 'Roti sabzi + dal', 'Buttermilk', 'Roti + sabzi', '2.5 L', 'Avoid fried food'),
(144, 9, 23, 'Upma', 'Roti sabzi + dal', 'Fruit chaat', 'Roti + sabzi', '2.5 L', 'Reduce salt intake'),
(145, 80, 50, 'Dhokla + green chutney', 'Gujarati thali', 'Handvo', 'Roti + sabzi', '3 L', 'Avoid spicy food'),
(146, 139, 74, 'Dhokla + green chutney', 'Undhiyu + puri', 'Handvo', 'Khichdi', '3 L', 'Avoid fried food'),
(147, 101, 34, 'Dhokla + green chutney', 'Dal bhat shaak', 'Buttermilk', 'Moong dal + rice', '3 L', 'Avoid sugar'),
(148, 73, 42, 'Thepla + curd', 'Gujarati thali', 'Handvo', 'Soup + roti', '2 L', 'Avoid sugar'),
(149, 90, 75, 'Thepla + curd', 'Roti sabzi + dal', 'Buttermilk', 'Soup + roti', '2.5 L', 'Avoid sugar'),
(150, 92, 53, 'Poha', 'Gujarati thali', 'Fruit chaat', 'Khichdi', '2 L', 'Avoid sugar'),
(151, 22, 9, 'Moong dal chilla', 'Roti sabzi + dal', 'Nuts', 'Vegetable soup + salad', '2 L', 'Avoid fried food'),
(152, 138, 42, 'Thepla + curd', 'Undhiyu + puri', 'Buttermilk', 'Moong dal + rice', '3 L', 'Eat on time'),
(153, 69, 3, 'Idli sambhar', 'Undhiyu + puri', 'Handvo', 'Soup + roti', '2.5 L', 'Eat on time'),
(154, 147, 50, 'Poha', 'Dal bhat shaak', 'Nuts', 'Roti + sabzi', '2 L', 'Reduce salt intake'),
(155, 87, 64, 'Upma', 'Roti sabzi + dal', 'Fruit chaat', 'Moong dal + rice', '2.5 L', 'Avoid sugar'),
(156, 112, 26, 'Dhokla + green chutney', 'Gujarati thali', 'Handvo', 'Khichdi', '2.5 L', 'Avoid sugar'),
(157, 13, 39, 'Upma', 'Undhiyu + puri', 'Fruit chaat', 'Moong dal + rice', '3 L', 'Avoid fried food'),
(158, 149, 13, 'Upma', 'Roti sabzi + dal', 'Roasted chana', 'Soup + roti', '3 L', 'Avoid spicy food'),
(159, 122, 55, 'Khakhra + chutney', 'Roti sabzi + dal', 'Nuts', 'Vegetable soup + salad', '3 L', 'Avoid sugar'),
(160, 111, 70, 'Poha', 'Khichdi + kadhi', 'Buttermilk', 'Roti + sabzi', '2.5 L', 'Avoid spicy food'),
(161, 132, 59, 'Idli sambhar', 'Dal bhat shaak', 'Fruit chaat', 'Soup + roti', '3 L', 'Avoid spicy food'),
(162, 48, 74, 'Dhokla + green chutney', 'Khichdi + kadhi', 'Buttermilk', 'Vegetable soup + salad', '3 L', 'Avoid spicy food'),
(163, 112, 73, 'Idli sambhar', 'Gujarati thali', 'Handvo', 'Khichdi', '2.5 L', 'Eat on time'),
(164, 38, 31, 'Khakhra + chutney', 'Roti sabzi + dal', 'Buttermilk', 'Roti + sabzi', '2.5 L', 'Avoid fried food'),
(165, 53, 53, 'Poha', 'Roti sabzi + dal', 'Fruit chaat', 'Vegetable soup + salad', '3 L', 'Avoid spicy food'),
(166, 61, 52, 'Khakhra + chutney', 'Gujarati thali', 'Fruit chaat', 'Khichdi', '2 L', 'Reduce salt intake'),
(167, 80, 60, 'Dhokla + green chutney', 'Dal bhat shaak', 'Buttermilk', 'Roti + sabzi', '3 L', 'Avoid fried food'),
(168, 52, 21, 'Poha', 'Khichdi + kadhi', 'Nuts', 'Vegetable soup + salad', '2.5 L', 'Avoid spicy food'),
(169, 46, 6, 'Idli sambhar', 'Undhiyu + puri', 'Nuts', 'Soup + roti', '2 L', 'Avoid sugar'),
(170, 77, 9, 'Dhokla + green chutney', 'Roti sabzi + dal', 'Nuts', 'Roti + sabzi', '3 L', 'Reduce salt intake'),
(171, 1, 1, 'Oats porridge / Ragi idli 🥣', 'Whole wheat roti, leafy vegetable, boiled lentils, cucumber salad 🥗', NULL, 'Barley soup / Grilled chicken or Paneer with sautéed veggies 🍲', NULL, 'Avoid: Sweets 🍬, soft drinks 🥤, white bread 🍞, processed juices 🧃');

--
-- Triggers `diet_plan`
--
DELIMITER $$
CREATE TRIGGER `trg_diet_insert` AFTER INSERT ON `diet_plan` FOR EACH ROW BEGIN
    INSERT INTO audit_log(user_id, operation, table_name) VALUES (1, 'INSERT', 'diet_plan');
END
$$
DELIMITER ;

-- --------------------------------------------------------

--
-- Table structure for table `doctors`
--

CREATE TABLE `doctors` (
  `doctor_id` int(11) NOT NULL,
  `name` varchar(100) NOT NULL,
  `specialization` varchar(100) DEFAULT NULL,
  `department_id` int(11) DEFAULT NULL,
  `qualification` varchar(100) DEFAULT NULL,
  `experience` int(11) DEFAULT NULL,
  `phone` varchar(15) DEFAULT NULL,
  `email` varchar(100) DEFAULT NULL,
  `room_no` varchar(10) DEFAULT NULL,
  `availability` varchar(100) DEFAULT NULL,
  `consultation_fee` decimal(8,2) DEFAULT NULL,
  `user_id` int(11) DEFAULT NULL
) ENGINE=InnoDB DEFAULT CHARSET=utf8mb4 COLLATE=utf8mb4_general_ci;

--
-- Dumping data for table `doctors`
--

INSERT INTO `doctors` (`doctor_id`, `name`, `specialization`, `department_id`, `qualification`, `experience`, `phone`, `email`, `room_no`, `availability`, `consultation_fee`, `user_id`) VALUES
(1, 'Dr Mihir Joshi', 'Cardiologist', 1, 'MD', 10, '9846913810', 'dr1@healthconnect.in', '101', 'Mon-Sat', 550.00, 2),
(2, 'Dr Dev Joshi', 'Urologist', 11, 'MD', 21, '9883197857', 'dr2@healthconnect.in', '102', 'Mon-Sat', 389.00, 7),
(3, 'Dr Kunal Shah', 'Cardiologist', 1, 'MD', 10, '9822575562', 'dr3@healthconnect.in', '103', 'Mon-Sat', 523.00, 12),
(4, 'Dr Rohan Choksi', 'Cardiologist', 1, 'MD', 25, '9885329037', 'dr4@healthconnect.in', '104', 'Mon-Sat', 503.00, 17),
(5, 'Dr Mihir Brahmbhatt', 'ENT Specialist', 7, 'MD', 21, '9839587039', 'dr5@healthconnect.in', '105', 'Mon-Sat', 759.00, 22),
(6, 'Dr Jinal Patel', 'Oncologist', 13, 'MD', 16, '9831429110', 'dr6@healthconnect.in', '106', 'Mon-Sat', 1014.00, 27),
(7, 'Dr Manan Bhatt', 'Orthopedic', 3, 'MD', 13, '9838898923', 'dr7@healthconnect.in', '107', 'Mon-Sat', 1081.00, 32),
(8, 'Dr Dhruv Desai', 'ENT Specialist', 7, 'MD', 14, '9822981052', 'dr8@healthconnect.in', '108', 'Mon-Sat', 667.00, 37),
(9, 'Dr Kavya Bhatt', 'Oncologist', 13, 'MD', 17, '9815831819', 'dr9@healthconnect.in', '109', 'Mon-Sat', 1047.00, 42),
(10, 'Dr Vivek Joshi', 'Emergency Specialist', 15, 'MD', 20, '9860806024', 'dr10@healthconnect.in', '110', 'Mon-Sat', 380.00, 47),
(11, 'Dr Isha Choksi', 'Emergency Specialist', 15, 'MD', 9, '9858537831', 'dr11@healthconnect.in', '111', 'Mon-Sat', 891.00, 52),
(12, 'Dr Parth Desai', 'Cardiologist', 1, 'MD', 12, '9898753260', 'dr12@healthconnect.in', '112', 'Mon-Sat', 533.00, 55),
(13, 'Dr Aditya Mehta', 'Radiologist', 14, 'MD', 11, '9823556182', 'dr13@healthconnect.in', '113', 'Mon-Sat', 689.00, 57),
(14, 'Dr Neha Kapadia', 'Orthopedic', 3, 'MD', 9, '9859684848', 'dr14@healthconnect.in', '114', 'Mon-Sat', 663.00, 58),
(15, 'Dr Yash Bhatt', 'Psychiatrist', 12, 'MD', 22, '9896977837', 'dr15@healthconnect.in', '115', 'Mon-Sat', 373.00, 60),
(16, 'Dr Mihir Vora', 'Ophthalmologist', 9, 'MD', 17, '9842857966', 'dr16@healthconnect.in', '116', 'Mon-Sat', 467.00, 63),
(17, 'Dr Priyansh Bhatt', 'Emergency Specialist', 15, 'MD', 20, '9895899313', 'dr17@healthconnect.in', '117', 'Mon-Sat', 1004.00, 66),
(18, 'Dr Nirali Rao', 'Radiologist', 14, 'MD', 4, '9817507864', 'dr18@healthconnect.in', '118', 'Mon-Sat', 534.00, 67),
(19, 'Dr Soham Rao', 'ENT Specialist', 7, 'MD', 9, '9845935572', 'dr19@healthconnect.in', '119', 'Mon-Sat', 367.00, 69),
(20, 'Dr Hetvi Thakkar', 'Emergency Specialist', 15, 'MD', 23, '9852235350', 'dr20@healthconnect.in', '120', 'Mon-Sat', 517.00, 70),
(21, 'Dr Pooja Amin', 'Emergency Specialist', 15, 'MD', 7, '9896282117', 'dr21@healthconnect.in', '121', 'Mon-Sat', 769.00, 71),
(22, 'Dr Jinal Trivedi', 'Pediatrician', 4, 'MD', 11, '9885345555', 'dr22@healthconnect.in', '122', 'Mon-Sat', 851.00, 74),
(23, 'Dr Reva Thakkar', 'ENT Specialist', 7, 'MD', 14, '9888320463', 'dr23@healthconnect.in', '123', 'Mon-Sat', 708.00, 76),
(24, 'Dr Nirali Trivedi', 'Ophthalmologist', 9, 'MD', 4, '9876238574', 'dr24@healthconnect.in', '124', 'Mon-Sat', 393.00, 77),
(25, 'Dr Nisarg Joshi', 'Orthopedic', 3, 'MD', 24, '9894214382', 'dr25@healthconnect.in', '125', 'Mon-Sat', 463.00, 79),
(26, 'Dr Kunal Choksi', 'Neurologist', 2, 'MD', 22, '9861642594', 'dr26@healthconnect.in', '126', 'Mon-Sat', 690.00, 80),
(27, 'Dr Neha Gandhi', 'Gynecologist', 5, 'MD', 3, '9884252722', 'dr27@healthconnect.in', '127', 'Mon-Sat', 1181.00, NULL),
(28, 'Dr Yash Joshi', 'Urologist', 11, 'MD', 11, '9882070937', 'dr28@healthconnect.in', '128', 'Mon-Sat', 1068.00, NULL),
(29, 'Dr Mitali Rao', 'Neurologist', 2, 'MD', 8, '9849392920', 'dr29@healthconnect.in', '129', 'Mon-Sat', 745.00, NULL),
(30, 'Dr Neha Patel', 'Psychiatrist', 12, 'MD', 8, '9845351479', 'dr30@healthconnect.in', '130', 'Mon-Sat', 812.00, NULL),
(31, 'Dr Rohan Joshi', 'Radiologist', 14, 'MD', 23, '9893926371', 'dr31@healthconnect.in', '131', 'Mon-Sat', 605.00, NULL),
(32, 'Dr Rohan Choksi', 'Pediatrician', 4, 'MD', 8, '9830513739', 'dr32@healthconnect.in', '132', 'Mon-Sat', 682.00, NULL),
(33, 'Dr Vivek Gandhi', 'Emergency Specialist', 15, 'MD', 13, '9810076758', 'dr33@healthconnect.in', '133', 'Mon-Sat', 913.00, NULL),
(34, 'Dr Pooja Patel', 'Neurologist', 2, 'MD', 12, '9858718453', 'dr34@healthconnect.in', '134', 'Mon-Sat', 1199.00, NULL),
(35, 'Dr Nirali Shah', 'Pediatrician', 4, 'MD', 5, '9886149359', 'dr35@healthconnect.in', '135', 'Mon-Sat', 380.00, NULL),
(36, 'Dr Reva Dave', 'Radiologist', 14, 'MD', 20, '9819289546', 'dr36@healthconnect.in', '136', 'Mon-Sat', 1078.00, NULL),
(37, 'Dr Mitali Trivedi', 'Orthopedic', 3, 'MD', 20, '9898550256', 'dr37@healthconnect.in', '137', 'Mon-Sat', 786.00, NULL),
(38, 'Dr Krisha Bhatt', 'Ophthalmologist', 9, 'MD', 9, '9891415657', 'dr38@healthconnect.in', '138', 'Mon-Sat', 733.00, NULL),
(39, 'Dr Hetvi Brahmbhatt', 'Oncologist', 13, 'MD', 12, '9836998038', 'dr39@healthconnect.in', '139', 'Mon-Sat', 1030.00, NULL),
(40, 'Dr Priyansh Kapadia', 'General Physician', 8, 'MD', 6, '9879467853', 'dr40@healthconnect.in', '140', 'Mon-Sat', 762.00, NULL),
(41, 'Dr Nirali Mehta', 'Neurologist', 2, 'MD', 21, '9855377076', 'dr41@healthconnect.in', '141', 'Mon-Sat', 321.00, NULL),
(42, 'Dr Vivek Mehta', 'Dentist', 10, 'MD', 5, '9839557077', 'dr42@healthconnect.in', '142', 'Mon-Sat', 307.00, NULL),
(43, 'Dr Parth Shah', 'Pediatrician', 4, 'MD', 13, '9819046318', 'dr43@healthconnect.in', '143', 'Mon-Sat', 332.00, NULL),
(44, 'Dr Aditya Gandhi', 'Pediatrician', 4, 'MD', 18, '9847376585', 'dr44@healthconnect.in', '144', 'Mon-Sat', 985.00, NULL),
(45, 'Dr Riya Brahmbhatt', 'Orthopedic', 3, 'MD', 18, '9886644106', 'dr45@healthconnect.in', '145', 'Mon-Sat', 890.00, NULL),
(46, 'Dr Nirali Dave', 'Oncologist', 13, 'MD', 6, '9864634663', 'dr46@healthconnect.in', '146', 'Mon-Sat', 494.00, NULL),
(47, 'Dr Dhruv Pandya', 'Dermatologist', 6, 'MD', 17, '9866851760', 'dr47@healthconnect.in', '147', 'Mon-Sat', 720.00, NULL),
(48, 'Dr Nisarg Shah', 'Urologist', 11, 'MD', 6, '9897705310', 'dr48@healthconnect.in', '148', 'Mon-Sat', 961.00, NULL),
(49, 'Dr Vivaan Amin', 'Psychiatrist', 12, 'MD', 6, '9855540424', 'dr49@healthconnect.in', '149', 'Mon-Sat', 1119.00, NULL),
(50, 'Dr Nirali Parmar', 'Pediatrician', 4, 'MD', 7, '9881979055', 'dr50@healthconnect.in', '150', 'Mon-Sat', 759.00, NULL),
(51, 'Dr Kunal Vora', 'Gynecologist', 5, 'MD', 5, '9872092888', 'dr51@healthconnect.in', '151', 'Mon-Sat', 555.00, NULL),
(52, 'Dr Neha Brahmbhatt', 'Neurologist', 2, 'MD', 20, '9816789850', 'dr52@healthconnect.in', '152', 'Mon-Sat', 967.00, NULL),
(53, 'Dr Tirth Patel', 'Neurologist', 2, 'MD', 16, '9841726318', 'dr53@healthconnect.in', '153', 'Mon-Sat', 470.00, NULL),
(54, 'Dr Pooja Dave', 'Pediatrician', 4, 'MD', 8, '9863826716', 'dr54@healthconnect.in', '154', 'Mon-Sat', 360.00, NULL),
(55, 'Dr Priyansh Patel', 'ENT Specialist', 7, 'MD', 17, '9845594951', 'dr55@healthconnect.in', '155', 'Mon-Sat', 1102.00, NULL),
(56, 'Dr Isha Pandya', 'Psychiatrist', 12, 'MD', 25, '9884593961', 'dr56@healthconnect.in', '156', 'Mon-Sat', 977.00, NULL),
(57, 'Dr Pooja Trivedi', 'Pediatrician', 4, 'MD', 4, '9849823450', 'dr57@healthconnect.in', '157', 'Mon-Sat', 522.00, NULL),
(58, 'Dr Anaya Brahmbhatt', 'Cardiologist', 1, 'MD', 4, '9852091325', 'dr58@healthconnect.in', '158', 'Mon-Sat', 358.00, NULL),
(59, 'Dr Anaya Dave', 'Ophthalmologist', 9, 'MD', 4, '9881286543', 'dr59@healthconnect.in', '159', 'Mon-Sat', 461.00, NULL),
(60, 'Dr Rohan Desai', 'Radiologist', 14, 'MD', 22, '9834941004', 'dr60@healthconnect.in', '160', 'Mon-Sat', 370.00, NULL),
(61, 'Dr Meera Kapadia', 'Ophthalmologist', 5, 'BDS', 30, '9539147811', 'dr61@healthconnect.in', '161', 'Mon-Wed-Fri', 365.00, NULL),
(62, 'Dr Karan Zala', 'Dentist', 8, 'DM', 19, '9807652614', 'dr62@healthconnect.in', '162', 'Mon-Wed-Fri', 303.00, NULL),
(63, 'Dr Krupa Suthar', 'Psychiatrist', 5, 'MS', 18, '9982661757', 'dr63@healthconnect.in', '163', 'Mon-Sat', 631.00, NULL),
(64, 'Dr Diya Patel', 'Neurologist', 15, 'MCh', 30, '9982250789', 'dr64@healthconnect.in', '164', 'Mon-Fri', 431.00, NULL),
(65, 'Dr Dhruvi Vora', 'Ophthalmologist', 3, 'DM', 18, '9842572396', 'dr65@healthconnect.in', '165', 'Mon-Wed-Fri', 829.00, NULL),
(66, 'Dr Hiten Desai', 'Pediatrician', 4, 'MBBS, MD', 12, '9055070003', 'dr66@healthconnect.in', '166', 'Mon-Fri', 585.00, NULL),
(67, 'Dr Dhruvi Vora', 'Pediatrician', 9, 'MS', 25, '9954781044', 'dr67@healthconnect.in', '167', 'Mon-Wed-Fri', 355.00, NULL),
(68, 'Dr Foram Gandhi', 'Urologist', 2, 'MD', 14, '9781151148', 'dr68@healthconnect.in', '168', 'Mon-Sat', 753.00, NULL),
(69, 'Dr Rashi Purohit', 'Radiologist', 9, 'MBBS, MD', 3, '9650072448', 'dr69@healthconnect.in', '169', 'Mon-Sat', 468.00, NULL),
(70, 'Dr Karan Patel', 'ENT Specialist', 5, 'MDS', 11, '9499571295', 'dr70@healthconnect.in', '170', 'Mon-Sat', 621.00, NULL),
(71, 'Dr Harsh Shah', 'Dentist', 8, 'MS', 3, '9901562182', 'dr71@healthconnect.in', '171', 'Mon-Sat', 383.00, NULL),
(72, 'Dr Kevin Modi', 'Dentist', 10, 'MCh', 10, '9272362370', 'dr72@healthconnect.in', '172', 'Mon-Wed-Fri', 876.00, NULL),
(73, 'Dr Neel Mehta', 'Ophthalmologist', 4, 'DM', 6, '9988318769', 'dr73@healthconnect.in', '173', 'Mon-Sat', 867.00, NULL),
(74, 'Dr Pranav Prajapati', 'Urologist', 2, 'MS', 10, '9115267262', 'dr74@healthconnect.in', '174', 'Mon-Wed-Fri', 557.00, NULL),
(75, 'Dr Bhavika Prajapati', 'Radiologist', 1, 'MBBS, MD', 22, '9420762754', 'dr75@healthconnect.in', '175', 'Mon-Sat', 414.00, NULL),
(76, 'Dr Kush Suthar', 'Psychiatrist', 15, 'MS', 19, '9035403990', 'dr76@healthconnect.in', '176', 'Tue-Sun', 515.00, NULL),
(77, 'Dr Foram Parikh', 'Urologist', 2, 'MCh', 26, '9589792171', 'dr77@healthconnect.in', '177', 'Mon-Wed-Fri', 325.00, NULL),
(78, 'Dr Sarthak Doshi', 'Emergency Medicine Specialist', 6, 'BDS', 27, '9672173041', 'dr78@healthconnect.in', '178', 'Mon-Wed-Fri', 658.00, NULL),
(79, 'Dr Pranav Raval', 'Oncologist', 14, 'MBBS, MS', 9, '9013892639', 'dr79@healthconnect.in', '179', 'Tue-Sun', 328.00, NULL),
(80, 'Dr Om Suthar', 'Gynecologist', 3, 'DM', 3, '9147365352', 'dr80@healthconnect.in', '180', 'Mon-Wed-Fri', 301.00, NULL);

-- --------------------------------------------------------

--
-- Table structure for table `feedback`
--

CREATE TABLE `feedback` (
  `feedback_id` int(11) NOT NULL,
  `patient_id` int(11) NOT NULL,
  `doctor_id` int(11) NOT NULL,
  `rating` int(11) DEFAULT NULL CHECK (`rating` between 1 and 5),
  `comments` text DEFAULT NULL,
  `date` date DEFAULT NULL
) ENGINE=InnoDB DEFAULT CHARSET=utf8mb4 COLLATE=utf8mb4_general_ci;

--
-- Dumping data for table `feedback`
--

INSERT INTO `feedback` (`feedback_id`, `patient_id`, `doctor_id`, `rating`, `comments`, `date`) VALUES
(1, 36, 48, 4, 'Satisfied', '2025-07-10'),
(2, 34, 40, 4, 'Quick consultation', '2025-07-11'),
(3, 56, 58, 3, 'Good treatment', '2025-07-24'),
(4, 63, 49, 3, 'Quick consultation', '2025-07-28'),
(5, 57, 4, 3, 'Very helpful', '2025-07-02'),
(6, 30, 12, 3, 'Satisfied', '2025-07-09'),
(7, 21, 46, 4, 'Satisfied', '2025-07-04'),
(8, 64, 3, 4, 'Good treatment', '2025-07-23'),
(9, 72, 32, 4, 'Satisfied', '2025-07-04'),
(10, 19, 8, 4, 'Excellent service', '2025-07-07'),
(11, 37, 12, 3, 'Quick consultation', '2025-07-27'),
(12, 35, 37, 5, 'Quick consultation', '2025-07-07'),
(13, 75, 1, 5, 'Quick consultation', '2025-07-06'),
(14, 54, 59, 3, 'Very helpful', '2025-07-25'),
(15, 64, 44, 3, 'Good treatment', '2025-07-01'),
(16, 37, 44, 5, 'Excellent service', '2025-07-13'),
(17, 48, 38, 3, 'Good treatment', '2025-07-05'),
(18, 4, 6, 4, 'Satisfied', '2025-07-15'),
(19, 35, 39, 5, 'Excellent service', '2025-07-11'),
(20, 6, 42, 5, 'Satisfied', '2025-07-11'),
(21, 73, 9, 3, 'Excellent service', '2025-07-26'),
(22, 37, 21, 3, 'Excellent service', '2025-07-18'),
(23, 78, 25, 3, 'Satisfied', '2025-07-09'),
(24, 23, 16, 4, 'Excellent service', '2025-07-01'),
(25, 27, 11, 4, 'Satisfied', '2025-07-10'),
(26, 20, 8, 4, 'Satisfied', '2025-07-26'),
(27, 56, 48, 4, 'Quick consultation', '2025-07-05'),
(28, 46, 43, 3, 'Good treatment', '2025-07-17'),
(29, 26, 32, 4, 'Satisfied', '2025-07-16'),
(30, 35, 37, 5, 'Satisfied', '2025-07-03'),
(31, 55, 52, 4, 'Quick consultation', '2025-07-06'),
(32, 56, 41, 4, 'Excellent service', '2025-07-02'),
(33, 66, 22, 4, 'Very helpful', '2025-07-21'),
(34, 20, 60, 4, 'Quick consultation', '2025-07-21'),
(35, 68, 6, 4, 'Satisfied', '2025-07-14'),
(36, 11, 59, 4, 'Good treatment', '2025-07-05'),
(37, 17, 44, 4, 'Very helpful', '2025-07-17'),
(38, 55, 19, 5, 'Excellent service', '2025-07-18'),
(39, 10, 59, 3, 'Quick consultation', '2025-07-04'),
(40, 66, 28, 4, 'Excellent service', '2025-07-15'),
(41, 73, 53, 4, 'Good treatment', '2025-07-09'),
(42, 75, 6, 5, 'Excellent service', '2025-07-04'),
(43, 60, 12, 3, 'Satisfied', '2025-07-02'),
(44, 11, 27, 5, 'Good treatment', '2025-07-11'),
(45, 76, 47, 4, 'Satisfied', '2025-07-20'),
(46, 34, 22, 3, 'Very helpful', '2025-07-06'),
(47, 11, 48, 5, 'Good treatment', '2025-07-28'),
(48, 14, 28, 5, 'Excellent service', '2025-07-01'),
(49, 51, 8, 3, 'Very helpful', '2025-07-21'),
(50, 62, 30, 5, 'Satisfied', '2025-07-28'),
(51, 78, 47, 4, 'Good treatment', '2025-07-20'),
(52, 79, 24, 5, 'Satisfied', '2025-07-26'),
(53, 39, 6, 3, 'Very helpful', '2025-07-01'),
(54, 25, 8, 3, 'Very helpful', '2025-07-28'),
(55, 4, 14, 4, 'Very helpful', '2025-07-21'),
(56, 31, 28, 5, 'Quick consultation', '2025-07-07'),
(57, 12, 20, 4, 'Very helpful', '2025-07-16'),
(58, 55, 2, 3, 'Very helpful', '2025-07-29'),
(59, 20, 48, 5, 'Satisfied', '2025-07-31'),
(60, 63, 31, 3, 'Satisfied', '2025-07-19'),
(61, 32, 13, 4, 'Quick consultation', '2025-07-27'),
(62, 51, 4, 4, 'Excellent service', '2025-07-04'),
(63, 56, 27, 4, 'Quick consultation', '2025-07-20'),
(64, 71, 19, 3, 'Satisfied', '2025-07-13'),
(65, 63, 33, 5, 'Quick consultation', '2025-07-30'),
(66, 63, 15, 5, 'Excellent service', '2025-07-17'),
(67, 3, 28, 5, 'Good treatment', '2025-07-18'),
(68, 9, 18, 5, 'Satisfied', '2025-07-29'),
(69, 61, 8, 4, 'Quick consultation', '2025-07-31'),
(70, 45, 29, 5, 'Satisfied', '2025-07-01'),
(71, 21, 19, 5, 'Very helpful', '2025-07-16'),
(72, 45, 29, 3, 'Quick consultation', '2025-07-08'),
(73, 76, 59, 5, 'Good treatment', '2025-07-30'),
(74, 78, 55, 5, 'Satisfied', '2025-07-05'),
(75, 38, 47, 5, 'Satisfied', '2025-07-31'),
(76, 54, 54, 5, 'Good treatment', '2025-07-26'),
(77, 61, 52, 3, 'Quick consultation', '2025-07-07'),
(78, 37, 45, 5, 'Excellent service', '2025-07-22'),
(79, 62, 9, 3, 'Very helpful', '2025-07-06'),
(80, 78, 32, 3, 'Satisfied', '2025-07-31'),
(81, 64, 20, 3, 'Very helpful', '2025-07-18'),
(82, 7, 2, 4, 'Good treatment', '2025-07-12'),
(83, 21, 12, 5, 'Excellent service', '2025-07-26'),
(84, 9, 22, 4, 'Excellent service', '2025-07-20'),
(85, 30, 8, 5, 'Very helpful', '2025-07-16'),
(86, 34, 22, 4, 'Excellent service', '2025-07-25'),
(87, 72, 18, 3, 'Quick consultation', '2025-07-20'),
(88, 14, 46, 3, 'Satisfied', '2025-07-26'),
(89, 59, 54, 3, 'Excellent service', '2025-07-26'),
(90, 79, 40, 3, 'Quick consultation', '2025-07-02'),
(91, 65, 7, 3, 'Excellent service', '2025-07-28'),
(92, 27, 59, 4, 'Very helpful', '2025-07-24'),
(93, 38, 46, 4, 'Quick consultation', '2025-07-16'),
(94, 13, 10, 5, 'Good treatment', '2025-07-11'),
(95, 18, 8, 3, 'Satisfied', '2025-07-14'),
(96, 1, 16, 4, 'Good treatment', '2025-07-10'),
(97, 65, 11, 3, 'Good treatment', '2025-07-12'),
(98, 54, 24, 5, 'Very helpful', '2025-07-05'),
(99, 68, 27, 3, 'Very helpful', '2025-07-26'),
(100, 55, 27, 4, 'Satisfied', '2025-07-31'),
(101, 34, 18, 5, 'Very helpful staff', '2025-08-24'),
(102, 116, 58, 3, 'Clean hospital', '2025-06-16'),
(103, 23, 80, 5, 'Long waiting time', '2025-07-29'),
(104, 100, 30, 4, 'Good treatment', '2025-10-04'),
(105, 12, 57, 5, 'Good treatment', '2025-11-27'),
(106, 23, 22, 5, 'Satisfied', '2025-10-20'),
(107, 80, 72, 5, 'Satisfied', '2025-11-26'),
(108, 144, 11, 3, 'Long waiting time', '2025-10-05'),
(109, 148, 7, 5, 'Long waiting time', '2025-04-07'),
(110, 122, 65, 3, 'Satisfied', '2025-12-04'),
(111, 137, 24, 3, 'Good treatment', '2025-04-16'),
(112, 63, 75, 4, 'Satisfied', '2025-10-01'),
(113, 83, 52, 5, 'Satisfied', '2025-09-09'),
(114, 6, 44, 4, 'Quick consultation', '2025-08-01'),
(115, 7, 68, 4, 'Excellent doctor', '2025-05-12'),
(116, 24, 15, 3, 'Long waiting time', '2025-03-28'),
(117, 74, 19, 3, 'Good treatment', '2025-02-15'),
(118, 40, 40, 4, 'Very helpful staff', '2025-03-28'),
(119, 16, 79, 4, 'Quick consultation', '2025-01-14'),
(120, 15, 39, 4, 'Satisfied', '2025-06-13'),
(121, 37, 53, 4, 'Good treatment', '2025-07-12'),
(122, 31, 7, 3, 'Quick consultation', '2025-11-02'),
(123, 61, 64, 5, 'Clean hospital', '2025-09-16'),
(124, 99, 15, 4, 'Satisfied', '2025-06-12'),
(125, 119, 71, 4, 'Satisfied', '2025-09-05'),
(126, 8, 53, 5, 'Quick consultation', '2025-01-10'),
(127, 69, 71, 5, 'Very helpful staff', '2025-02-21'),
(128, 64, 72, 5, 'Clean hospital', '2025-03-06'),
(129, 78, 73, 4, 'Excellent doctor', '2025-02-12'),
(130, 129, 27, 3, 'Good treatment', '2025-10-04'),
(131, 44, 32, 5, 'Excellent doctor', '2025-10-12'),
(132, 116, 6, 3, 'Clean hospital', '2025-08-26'),
(133, 75, 22, 3, 'Satisfied', '2025-09-04'),
(134, 70, 77, 4, 'Clean hospital', '2025-12-15'),
(135, 98, 45, 5, 'Quick consultation', '2025-10-27'),
(136, 131, 37, 3, 'Quick consultation', '2025-10-01'),
(137, 145, 9, 4, 'Satisfied', '2025-07-22'),
(138, 32, 18, 5, 'Long waiting time', '2025-05-24'),
(139, 111, 27, 5, 'Long waiting time', '2025-06-12'),
(140, 88, 34, 5, 'Excellent doctor', '2025-05-20'),
(141, 63, 42, 4, 'Quick consultation', '2025-08-24'),
(142, 85, 3, 5, 'Quick consultation', '2025-11-27'),
(143, 1, 78, 4, 'Satisfied', '2025-01-05'),
(144, 45, 53, 5, 'Very helpful staff', '2025-12-27'),
(145, 126, 51, 5, 'Satisfied', '2025-11-29'),
(146, 20, 69, 3, 'Clean hospital', '2025-12-10'),
(147, 114, 16, 4, 'Clean hospital', '2025-07-12'),
(148, 92, 50, 3, 'Clean hospital', '2025-12-23'),
(149, 3, 16, 4, 'Good treatment', '2025-04-09'),
(150, 114, 2, 3, 'Very helpful staff', '2025-01-11'),
(151, 72, 46, 3, 'Satisfied', '2025-11-11'),
(152, 78, 29, 3, 'Excellent doctor', '2025-07-05'),
(153, 10, 36, 4, 'Very helpful staff', '2025-12-28'),
(154, 54, 1, 3, 'Clean hospital', '2025-11-23'),
(155, 102, 15, 4, 'Long waiting time', '2025-09-14'),
(156, 127, 22, 5, 'Quick consultation', '2025-12-04'),
(157, 145, 78, 5, 'Quick consultation', '2025-02-03'),
(158, 33, 9, 3, 'Good treatment', '2025-10-19'),
(159, 59, 67, 5, 'Clean hospital', '2025-05-21'),
(160, 50, 3, 5, 'Very helpful staff', '2025-09-30'),
(161, 65, 72, 4, 'Satisfied', '2025-08-07'),
(162, 14, 42, 4, 'Clean hospital', '2025-07-28'),
(163, 71, 16, 5, 'Long waiting time', '2025-08-27'),
(164, 127, 47, 5, 'Clean hospital', '2025-01-23'),
(165, 58, 7, 4, 'Excellent doctor', '2025-09-30'),
(166, 115, 41, 3, 'Excellent doctor', '2025-04-10'),
(167, 86, 11, 5, 'Clean hospital', '2025-01-13'),
(168, 58, 55, 3, 'Quick consultation', '2025-04-11'),
(169, 43, 43, 4, 'Satisfied', '2025-11-17'),
(170, 25, 4, 4, 'Excellent doctor', '2025-01-13'),
(171, 1, 1, 4, 'Nice', '2026-07-16'),
(172, 1, 1, 4, 'Nice', '2026-07-17');

--
-- Triggers `feedback`
--
DELIMITER $$
CREATE TRIGGER `trg_feedback_insert` AFTER INSERT ON `feedback` FOR EACH ROW BEGIN
    UPDATE doctors SET consultation_fee = consultation_fee WHERE doctor_id = NEW.doctor_id;
END
$$
DELIMITER ;

-- --------------------------------------------------------

--
-- Table structure for table `follow_up`
--

CREATE TABLE `follow_up` (
  `followup_id` int(11) NOT NULL,
  `patient_id` int(11) NOT NULL,
  `doctor_id` int(11) NOT NULL,
  `next_visit` date DEFAULT NULL,
  `remarks` varchar(255) DEFAULT NULL,
  `status` enum('Pending','Done') DEFAULT 'Pending'
) ENGINE=InnoDB DEFAULT CHARSET=utf8mb4 COLLATE=utf8mb4_general_ci;

--
-- Dumping data for table `follow_up`
--

INSERT INTO `follow_up` (`followup_id`, `patient_id`, `doctor_id`, `next_visit`, `remarks`, `status`) VALUES
(1, 6, 7, '2025-08-17', 'Review progress', 'Done'),
(2, 3, 37, '2025-08-25', 'Review progress', 'Done'),
(3, 27, 21, '2025-08-07', 'Review progress', 'Pending'),
(4, 37, 18, '2025-08-18', 'Review progress', 'Done'),
(5, 57, 43, '2025-08-04', 'Review progress', 'Done'),
(6, 20, 11, '2025-08-09', 'Review progress', 'Pending'),
(7, 2, 40, '2025-08-18', 'Review progress', 'Pending'),
(8, 27, 35, '2025-08-12', 'Review progress', 'Done'),
(9, 35, 10, '2025-08-23', 'Review progress', 'Done'),
(10, 74, 16, '2025-08-06', 'Review progress', 'Pending'),
(11, 40, 40, '2025-08-11', 'Review progress', 'Done'),
(12, 7, 9, '2025-08-01', 'Review progress', 'Done'),
(13, 7, 7, '2025-08-13', 'Review progress', 'Pending'),
(14, 12, 28, '2025-08-13', 'Review progress', 'Pending'),
(15, 77, 58, '2025-08-19', 'Review progress', 'Done'),
(16, 79, 23, '2025-08-10', 'Review progress', 'Done'),
(17, 26, 46, '2025-08-25', 'Review progress', 'Pending'),
(18, 60, 37, '2025-08-05', 'Review progress', 'Pending'),
(19, 60, 7, '2025-08-15', 'Review progress', 'Done'),
(20, 60, 31, '2025-08-08', 'Review progress', 'Pending'),
(21, 19, 56, '2025-08-20', 'Review progress', 'Done'),
(22, 47, 26, '2025-08-06', 'Review progress', 'Done'),
(23, 42, 30, '2025-08-16', 'Review progress', 'Pending'),
(24, 9, 31, '2025-08-04', 'Review progress', 'Done'),
(25, 62, 30, '2025-08-28', 'Review progress', 'Pending'),
(26, 37, 50, '2025-08-12', 'Review progress', 'Pending'),
(27, 66, 7, '2025-08-13', 'Review progress', 'Pending'),
(28, 42, 36, '2025-08-21', 'Review progress', 'Pending'),
(29, 39, 35, '2025-08-15', 'Review progress', 'Done'),
(30, 76, 27, '2025-08-08', 'Review progress', 'Pending'),
(31, 71, 11, '2025-08-16', 'Review progress', 'Done'),
(32, 9, 22, '2025-08-07', 'Review progress', 'Done'),
(33, 56, 37, '2025-08-26', 'Review progress', 'Done'),
(34, 70, 45, '2025-08-08', 'Review progress', 'Pending'),
(35, 10, 48, '2025-08-23', 'Review progress', 'Done'),
(36, 15, 38, '2025-08-20', 'Review progress', 'Done'),
(37, 42, 36, '2025-08-04', 'Review progress', 'Done'),
(38, 23, 20, '2025-08-13', 'Review progress', 'Pending'),
(39, 77, 7, '2025-08-22', 'Review progress', 'Done'),
(40, 42, 32, '2025-08-21', 'Review progress', 'Pending'),
(41, 12, 14, '2025-08-27', 'Review progress', 'Pending'),
(42, 75, 58, '2025-08-25', 'Review progress', 'Pending'),
(43, 19, 43, '2025-08-05', 'Review progress', 'Done'),
(44, 69, 19, '2025-08-13', 'Review progress', 'Done'),
(45, 26, 14, '2025-08-22', 'Review progress', 'Done'),
(46, 39, 37, '2025-08-26', 'Review progress', 'Done'),
(47, 56, 46, '2025-08-12', 'Review progress', 'Pending'),
(48, 75, 1, '2025-08-20', 'Review progress', 'Done'),
(49, 17, 55, '2025-08-10', 'Review progress', 'Pending'),
(50, 48, 58, '2025-08-18', 'Review progress', 'Pending'),
(51, 1, 46, '2025-08-18', 'Review progress', 'Done'),
(52, 15, 56, '2025-08-10', 'Review progress', 'Pending'),
(53, 31, 28, '2025-08-23', 'Review progress', 'Done'),
(54, 41, 46, '2025-08-13', 'Review progress', 'Done'),
(55, 49, 28, '2025-08-18', 'Review progress', 'Pending'),
(56, 23, 31, '2025-08-05', 'Review progress', 'Pending'),
(57, 72, 25, '2025-08-27', 'Review progress', 'Done'),
(58, 54, 10, '2025-08-10', 'Review progress', 'Pending'),
(59, 18, 1, '2025-08-03', 'Review progress', 'Pending'),
(60, 19, 47, '2025-08-16', 'Review progress', 'Done'),
(61, 18, 6, '2025-08-05', 'Review progress', 'Done'),
(62, 59, 58, '2025-08-26', 'Review progress', 'Done'),
(63, 80, 12, '2025-08-15', 'Review progress', 'Done'),
(64, 71, 53, '2025-08-15', 'Review progress', 'Done'),
(65, 46, 15, '2025-08-06', 'Review progress', 'Done'),
(66, 78, 1, '2025-08-19', 'Review progress', 'Done'),
(67, 31, 46, '2025-08-17', 'Review progress', 'Done'),
(68, 53, 60, '2025-08-18', 'Review progress', 'Done'),
(69, 5, 3, '2025-08-19', 'Review progress', 'Done'),
(70, 48, 8, '2025-08-19', 'Review progress', 'Done'),
(71, 11, 10, '2025-08-24', 'Review progress', 'Done'),
(72, 60, 34, '2025-08-03', 'Review progress', 'Pending'),
(73, 32, 31, '2025-08-21', 'Review progress', 'Pending'),
(74, 70, 52, '2025-08-19', 'Review progress', 'Done'),
(75, 79, 4, '2025-08-11', 'Review progress', 'Pending'),
(76, 61, 30, '2025-08-17', 'Review progress', 'Done'),
(77, 74, 47, '2025-08-11', 'Review progress', 'Done'),
(78, 46, 52, '2025-08-10', 'Review progress', 'Done'),
(79, 22, 3, '2025-08-23', 'Review progress', 'Done'),
(80, 73, 17, '2025-08-02', 'Review progress', 'Done'),
(81, 75, 11, '2025-08-19', 'Review progress', 'Pending'),
(82, 38, 52, '2025-08-24', 'Review progress', 'Pending'),
(83, 37, 32, '2025-08-03', 'Review progress', 'Pending'),
(84, 65, 5, '2025-08-28', 'Review progress', 'Done'),
(85, 33, 9, '2025-08-20', 'Review progress', 'Done'),
(86, 36, 55, '2025-08-09', 'Review progress', 'Pending'),
(87, 15, 39, '2025-08-06', 'Review progress', 'Pending'),
(88, 58, 24, '2025-08-26', 'Review progress', 'Pending'),
(89, 34, 51, '2025-08-23', 'Review progress', 'Pending'),
(90, 63, 12, '2025-08-26', 'Review progress', 'Pending'),
(91, 44, 6, '2025-08-05', 'Review progress', 'Pending'),
(92, 64, 49, '2025-08-14', 'Review progress', 'Done'),
(93, 31, 43, '2025-08-15', 'Review progress', 'Pending'),
(94, 27, 37, '2025-08-24', 'Review progress', 'Done'),
(95, 7, 42, '2025-08-09', 'Review progress', 'Pending'),
(96, 7, 11, '2025-08-15', 'Review progress', 'Done'),
(97, 61, 20, '2025-08-16', 'Review progress', 'Pending'),
(98, 49, 44, '2025-08-23', 'Review progress', 'Done'),
(99, 61, 17, '2025-08-05', 'Review progress', 'Done'),
(100, 2, 19, '2025-08-26', 'Review progress', 'Done'),
(101, 3, 9, '2025-08-04', 'Post-surgery review', 'Pending'),
(102, 135, 14, '2025-11-23', 'Reassess medication', 'Pending'),
(103, 73, 33, '2025-09-19', 'Review progress', 'Pending'),
(104, 24, 8, '2025-09-25', 'Review progress', 'Pending'),
(105, 23, 78, '2025-09-03', 'Post-surgery review', 'Pending'),
(106, 29, 24, '2025-10-04', 'Reassess medication', 'Done'),
(107, 20, 59, '2025-10-10', 'Post-surgery review', 'Done'),
(108, 66, 21, '2025-08-19', 'Reassess medication', 'Pending'),
(109, 98, 50, '2025-10-25', 'Review progress', 'Done'),
(110, 68, 23, '2025-11-21', 'Review progress', 'Done'),
(111, 52, 79, '2025-11-09', 'Check reports', 'Done'),
(112, 28, 19, '2025-12-17', 'Post-surgery review', 'Pending'),
(113, 28, 57, '2025-10-06', 'Review progress', 'Pending'),
(114, 19, 10, '2025-12-25', 'Reassess medication', 'Done'),
(115, 5, 64, '2025-09-08', 'Review progress', 'Pending'),
(116, 100, 35, '2025-09-08', 'Reassess medication', 'Done'),
(117, 148, 1, '2025-12-10', 'Post-surgery review', 'Done'),
(118, 112, 52, '2025-08-18', 'Check reports', 'Pending'),
(119, 99, 62, '2025-09-01', 'Reassess medication', 'Done'),
(120, 78, 52, '2025-08-15', 'Review progress', 'Done'),
(121, 137, 44, '2025-08-21', 'Post-surgery review', 'Done'),
(122, 52, 23, '2025-12-20', 'Review progress', 'Done'),
(123, 49, 39, '2025-11-08', 'Review progress', 'Done'),
(124, 125, 11, '2025-11-21', 'Check reports', 'Pending'),
(125, 10, 25, '2025-08-07', 'Check reports', 'Done'),
(126, 100, 9, '2025-12-17', 'Reassess medication', 'Done'),
(127, 137, 58, '2025-08-05', 'Review progress', 'Done'),
(128, 15, 44, '2025-08-11', 'Post-surgery review', 'Pending'),
(129, 55, 67, '2025-11-26', 'Check reports', 'Pending'),
(130, 19, 5, '2025-09-06', 'Post-surgery review', 'Pending'),
(131, 121, 80, '2025-08-12', 'Check reports', 'Pending'),
(132, 4, 23, '2025-08-13', 'Reassess medication', 'Pending'),
(133, 117, 79, '2025-09-13', 'Review progress', 'Pending'),
(134, 30, 64, '2025-09-26', 'Review progress', 'Pending'),
(135, 110, 44, '2025-11-11', 'Reassess medication', 'Pending'),
(136, 148, 70, '2025-09-05', 'Reassess medication', 'Pending'),
(137, 12, 76, '2025-09-14', 'Reassess medication', 'Pending'),
(138, 31, 36, '2025-09-06', 'Post-surgery review', 'Pending'),
(139, 95, 71, '2025-09-12', 'Post-surgery review', 'Pending'),
(140, 149, 6, '2025-09-04', 'Review progress', 'Done'),
(141, 41, 3, '2025-12-03', 'Review progress', 'Pending'),
(142, 2, 23, '2025-08-23', 'Reassess medication', 'Done'),
(143, 122, 17, '2025-09-22', 'Check reports', 'Done'),
(144, 134, 58, '2025-11-14', 'Check reports', 'Pending'),
(145, 10, 77, '2025-09-16', 'Post-surgery review', 'Pending'),
(146, 78, 45, '2025-11-16', 'Review progress', 'Pending'),
(147, 50, 16, '2025-12-14', 'Review progress', 'Done'),
(148, 139, 65, '2025-09-26', 'Post-surgery review', 'Pending'),
(149, 71, 7, '2025-09-19', 'Review progress', 'Pending'),
(150, 122, 64, '2025-09-15', 'Check reports', 'Pending'),
(151, 14, 47, '2025-10-12', 'Check reports', 'Done'),
(152, 65, 43, '2025-11-25', 'Review progress', 'Pending'),
(153, 14, 69, '2025-09-15', 'Check reports', 'Pending'),
(154, 125, 66, '2025-08-30', 'Review progress', 'Pending'),
(155, 114, 76, '2025-12-27', 'Reassess medication', 'Done'),
(156, 51, 42, '2025-09-28', 'Review progress', 'Done'),
(157, 59, 13, '2025-09-30', 'Post-surgery review', 'Pending'),
(158, 97, 29, '2025-08-19', 'Post-surgery review', 'Done'),
(159, 14, 56, '2025-09-07', 'Check reports', 'Done'),
(160, 46, 50, '2025-11-04', 'Check reports', 'Done'),
(161, 50, 46, '2025-10-09', 'Check reports', 'Done'),
(162, 33, 5, '2025-12-24', 'Review progress', 'Done'),
(163, 35, 15, '2025-11-28', 'Post-surgery review', 'Done'),
(164, 44, 44, '2025-09-26', 'Reassess medication', 'Pending'),
(165, 44, 74, '2025-12-20', 'Check reports', 'Pending'),
(166, 106, 67, '2025-12-04', 'Check reports', 'Done'),
(167, 119, 36, '2025-08-04', 'Post-surgery review', 'Pending'),
(168, 64, 42, '2025-11-20', 'Check reports', 'Pending'),
(169, 147, 1, '2025-11-15', 'Review progress', 'Pending'),
(170, 121, 65, '2025-08-09', 'Post-surgery review', 'Done'),
(171, 1, 1, NULL, 'I am now OK', 'Pending'),
(172, 1, 1, NULL, 'OK ', 'Pending'),
(173, 1, 1, NULL, 'NIce', 'Done'),
(174, 1, 1, NULL, '1', 'Pending'),
(175, 1, 1, NULL, '🧑‍⚕️ Doctor Reply: nice', 'Done'),
(176, 1, 1, NULL, '🧑‍⚕️ Doctor Reply: yeah i got it', 'Pending');

--
-- Triggers `follow_up`
--
DELIMITER $$
CREATE TRIGGER `trg_message_sent` AFTER INSERT ON `follow_up` FOR EACH ROW BEGIN
    INSERT INTO audit_log(user_id, operation, table_name) VALUES (1, 'INSERT', 'follow_up');
END
$$
DELIMITER ;

-- --------------------------------------------------------

--
-- Table structure for table `lab_tests`
--

CREATE TABLE `lab_tests` (
  `test_id` int(11) NOT NULL,
  `patient_id` int(11) NOT NULL,
  `doctor_id` int(11) NOT NULL,
  `test_name` varchar(100) DEFAULT NULL,
  `status` enum('Pending','Completed') DEFAULT 'Pending',
  `test_date` date DEFAULT NULL,
  `report_file` varchar(255) DEFAULT NULL
) ENGINE=InnoDB DEFAULT CHARSET=utf8mb4 COLLATE=utf8mb4_general_ci;

--
-- Dumping data for table `lab_tests`
--

INSERT INTO `lab_tests` (`test_id`, `patient_id`, `doctor_id`, `test_name`, `status`, `test_date`, `report_file`) VALUES
(1, 12, 16, 'Lipid Profile', 'Completed', '2025-07-06', '/reports/1.pdf'),
(2, 80, 22, 'CBC', 'Pending', '2025-07-30', NULL),
(3, 46, 42, 'Blood Sugar', 'Pending', '2025-07-05', NULL),
(4, 63, 15, 'KFT', 'Completed', '2025-07-11', '/reports/4.pdf'),
(5, 25, 2, 'MRI Brain', 'Completed', '2025-07-23', '/reports/5.pdf'),
(6, 18, 17, 'KFT', 'Pending', '2025-07-29', NULL),
(7, 57, 36, 'X-Ray Knee', 'Completed', '2025-07-10', '/reports/7.pdf'),
(8, 73, 12, 'MRI Brain', 'Completed', '2025-07-18', '/reports/8.pdf'),
(9, 60, 18, 'Lipid Profile', 'Pending', '2025-07-28', NULL),
(10, 68, 10, 'ECG', 'Completed', '2025-07-15', '/reports/10.pdf'),
(11, 70, 24, 'LFT', 'Pending', '2025-07-15', NULL),
(12, 24, 57, 'X-Ray Knee', 'Completed', '2025-07-01', '/reports/12.pdf'),
(13, 42, 47, 'X-Ray Knee', 'Completed', '2025-07-03', '/reports/13.pdf'),
(14, 68, 44, 'ECG', 'Pending', '2025-07-16', NULL),
(15, 42, 27, 'Lipid Profile', 'Completed', '2025-07-21', '/reports/15.pdf'),
(16, 13, 34, 'CBC', 'Pending', '2025-07-22', NULL),
(17, 17, 12, 'X-Ray Knee', 'Pending', '2025-07-28', NULL),
(18, 14, 32, 'CBC', 'Pending', '2025-07-07', NULL),
(19, 74, 42, 'KFT', 'Completed', '2025-07-27', '/reports/19.pdf'),
(20, 68, 40, 'CBC', 'Completed', '2025-07-23', '/reports/20.pdf'),
(21, 47, 15, 'CBC', 'Pending', '2025-07-20', NULL),
(22, 27, 42, 'KFT', 'Pending', '2025-07-16', NULL),
(23, 8, 24, 'MRI Brain', 'Completed', '2025-07-18', '/reports/23.pdf'),
(24, 8, 53, 'CBC', 'Completed', '2025-07-20', '/reports/24.pdf'),
(25, 10, 54, 'X-Ray Knee', 'Pending', '2025-07-10', NULL),
(26, 67, 7, 'LFT', 'Pending', '2025-07-04', NULL),
(27, 25, 13, 'Blood Sugar', 'Pending', '2025-07-17', NULL),
(28, 72, 48, 'Lipid Profile', 'Completed', '2025-07-18', '/reports/28.pdf'),
(29, 74, 23, 'LFT', 'Completed', '2025-07-22', '/reports/29.pdf'),
(30, 14, 11, 'LFT', 'Pending', '2025-07-26', NULL),
(31, 65, 22, 'KFT', 'Pending', '2025-07-22', NULL),
(32, 46, 58, 'MRI Brain', 'Completed', '2025-07-11', '/reports/32.pdf'),
(33, 53, 49, 'MRI Brain', 'Completed', '2025-07-21', '/reports/33.pdf'),
(34, 78, 16, 'LFT', 'Pending', '2025-07-19', NULL),
(35, 71, 60, 'MRI Brain', 'Completed', '2025-07-24', '/reports/35.pdf'),
(36, 58, 29, 'CBC', 'Completed', '2025-07-31', '/reports/36.pdf'),
(37, 5, 19, 'Blood Sugar', 'Pending', '2025-07-20', NULL),
(38, 39, 1, 'X-Ray Knee', 'Pending', '2025-07-10', NULL),
(39, 41, 2, 'Blood Sugar', 'Completed', '2025-07-25', '/reports/39.pdf'),
(40, 13, 3, 'Blood Sugar', 'Completed', '2025-07-15', '/reports/40.pdf'),
(41, 18, 17, 'X-Ray Knee', 'Pending', '2025-07-12', NULL),
(42, 33, 52, 'LFT', 'Pending', '2025-07-10', NULL),
(43, 73, 59, 'MRI Brain', 'Pending', '2025-07-07', NULL),
(44, 62, 12, 'ECG', 'Pending', '2025-07-16', NULL),
(45, 5, 47, 'Lipid Profile', 'Completed', '2025-07-26', '/reports/45.pdf'),
(46, 8, 59, 'MRI Brain', 'Completed', '2025-07-25', '/reports/46.pdf'),
(47, 56, 27, 'X-Ray Knee', 'Pending', '2025-07-30', NULL),
(48, 78, 60, 'CBC', 'Completed', '2025-07-01', '/reports/48.pdf'),
(49, 40, 34, 'Blood Sugar', 'Completed', '2025-07-02', '/reports/49.pdf'),
(50, 42, 33, 'Blood Sugar', 'Pending', '2025-07-23', NULL),
(51, 7, 44, 'KFT', 'Completed', '2025-07-24', '/reports/51.pdf'),
(52, 77, 37, 'X-Ray Knee', 'Pending', '2025-07-17', NULL),
(53, 56, 19, 'Blood Sugar', 'Completed', '2025-07-26', '/reports/53.pdf'),
(54, 17, 22, 'CBC', 'Completed', '2025-07-03', '/reports/54.pdf'),
(55, 71, 26, 'LFT', 'Pending', '2025-07-09', NULL),
(56, 65, 28, 'Blood Sugar', 'Pending', '2025-07-25', NULL),
(57, 62, 36, 'LFT', 'Completed', '2025-07-07', '/reports/57.pdf'),
(58, 74, 13, 'X-Ray Knee', 'Pending', '2025-07-18', NULL),
(59, 10, 18, 'MRI Brain', 'Completed', '2025-07-25', '/reports/59.pdf'),
(60, 74, 6, 'LFT', 'Completed', '2025-07-04', '/reports/60.pdf'),
(61, 47, 23, 'MRI Brain', 'Completed', '2025-07-07', '/reports/61.pdf'),
(62, 77, 42, 'Blood Sugar', 'Completed', '2025-07-01', '/reports/62.pdf'),
(63, 45, 40, 'Blood Sugar', 'Completed', '2025-07-27', '/reports/63.pdf'),
(64, 57, 3, 'X-Ray Knee', 'Pending', '2025-07-30', NULL),
(65, 48, 10, 'Lipid Profile', 'Pending', '2025-07-25', NULL),
(66, 7, 16, 'ECG', 'Pending', '2025-07-31', NULL),
(67, 2, 22, 'ECG', 'Pending', '2025-07-23', NULL),
(68, 58, 31, 'X-Ray Knee', 'Completed', '2025-07-01', '/reports/68.pdf'),
(69, 69, 14, 'KFT', 'Completed', '2025-07-07', '/reports/69.pdf'),
(70, 80, 47, 'LFT', 'Pending', '2025-07-05', NULL),
(71, 75, 58, 'ECG', 'Pending', '2025-07-22', NULL),
(72, 22, 4, 'ECG', 'Pending', '2025-07-10', NULL),
(73, 7, 30, 'Lipid Profile', 'Pending', '2025-07-21', NULL),
(74, 50, 43, 'Lipid Profile', 'Completed', '2025-07-09', '/reports/74.pdf'),
(75, 3, 19, 'X-Ray Knee', 'Completed', '2025-07-28', '/reports/75.pdf'),
(76, 49, 33, 'MRI Brain', 'Pending', '2025-07-23', NULL),
(77, 63, 56, 'Blood Sugar', 'Pending', '2025-07-20', NULL),
(78, 26, 33, 'CBC', 'Completed', '2025-07-31', '/reports/78.pdf'),
(79, 6, 16, 'MRI Brain', 'Completed', '2025-07-30', '/reports/79.pdf'),
(80, 63, 26, 'CBC', 'Pending', '2025-07-24', NULL),
(81, 45, 44, 'ECG', 'Completed', '2025-07-12', '/reports/81.pdf'),
(82, 31, 33, 'ECG', 'Pending', '2025-07-09', NULL),
(83, 50, 57, 'ECG', 'Pending', '2025-07-27', NULL),
(84, 29, 10, 'Blood Sugar', 'Completed', '2025-07-11', '/reports/84.pdf'),
(85, 12, 47, 'LFT', 'Pending', '2025-07-13', NULL),
(86, 31, 37, 'ECG', 'Completed', '2025-07-05', '/reports/86.pdf'),
(87, 78, 22, 'X-Ray Knee', 'Pending', '2025-07-15', NULL),
(88, 18, 38, 'Blood Sugar', 'Pending', '2025-07-18', NULL),
(89, 40, 45, 'LFT', 'Pending', '2025-07-23', NULL),
(90, 19, 42, 'MRI Brain', 'Pending', '2025-07-30', NULL),
(91, 9, 36, 'Blood Sugar', 'Pending', '2025-07-18', NULL),
(92, 41, 54, 'CBC', 'Pending', '2025-07-29', NULL),
(93, 41, 57, 'ECG', 'Completed', '2025-07-14', '/reports/93.pdf'),
(94, 57, 48, 'Blood Sugar', 'Completed', '2025-07-30', '/reports/94.pdf'),
(95, 25, 7, 'CBC', 'Pending', '2025-07-05', NULL),
(96, 79, 40, 'X-Ray Knee', 'Pending', '2025-07-09', NULL),
(97, 30, 44, 'Lipid Profile', 'Completed', '2025-07-01', '/reports/97.pdf'),
(98, 62, 9, 'MRI Brain', 'Completed', '2025-07-17', '/reports/98.pdf'),
(99, 24, 55, 'KFT', 'Completed', '2025-07-13', '/reports/99.pdf'),
(100, 18, 11, 'CBC', 'Pending', '2025-07-07', NULL),
(101, 122, 59, 'Kidney Function Test', 'Completed', '2025-11-04', '/reports/408.pdf'),
(102, 2, 32, 'X-Ray Chest', 'Pending', '2025-11-18', NULL),
(103, 143, 27, 'CBC', 'Pending', '2025-01-29', NULL),
(104, 90, 5, 'Blood Sugar Fasting', 'Completed', '2025-12-08', '/reports/396.pdf'),
(105, 77, 43, 'Lipid Profile', 'Pending', '2025-08-02', NULL),
(106, 46, 21, 'Widal Test', 'Pending', '2025-12-05', NULL),
(107, 147, 72, 'Blood Sugar Fasting', 'Completed', '2025-10-24', '/reports/285.pdf'),
(108, 10, 12, 'Vitamin B12 Test', 'Pending', '2025-07-08', NULL),
(109, 98, 9, 'Vitamin B12 Test', 'Completed', '2025-10-09', '/reports/134.pdf'),
(110, 75, 61, 'Blood Sugar Fasting', 'Pending', '2025-05-21', NULL),
(111, 85, 68, 'Kidney Function Test', 'Completed', '2025-12-23', '/reports/208.pdf'),
(112, 15, 14, 'ECG', 'Completed', '2025-11-19', '/reports/371.pdf'),
(113, 23, 62, 'Vitamin D Test', 'Completed', '2025-12-28', '/reports/248.pdf'),
(114, 110, 78, 'Dengue NS1', 'Completed', '2025-09-27', '/reports/395.pdf'),
(115, 91, 17, 'ECG', 'Completed', '2025-09-24', '/reports/474.pdf'),
(116, 128, 64, 'Vitamin B12 Test', 'Pending', '2025-11-09', NULL),
(117, 60, 38, 'HbA1c', 'Pending', '2025-01-13', NULL),
(118, 120, 16, 'Vitamin D Test', 'Completed', '2025-11-12', '/reports/313.pdf'),
(119, 106, 6, 'Liver Function Test', 'Completed', '2025-11-23', '/reports/209.pdf'),
(120, 3, 26, 'Vitamin D Test', 'Pending', '2025-02-04', NULL),
(121, 79, 39, 'X-Ray Chest', 'Completed', '2025-01-04', '/reports/159.pdf'),
(122, 86, 44, 'Kidney Function Test', 'Completed', '2025-11-12', '/reports/115.pdf'),
(123, 45, 25, 'Liver Function Test', 'Completed', '2025-12-11', '/reports/346.pdf'),
(124, 122, 5, 'Widal Test', 'Pending', '2025-03-21', NULL),
(125, 118, 69, 'Liver Function Test', 'Completed', '2025-07-31', '/reports/481.pdf'),
(126, 15, 67, 'Thyroid Profile', 'Completed', '2025-12-14', '/reports/262.pdf'),
(127, 143, 69, 'CBC', 'Pending', '2025-12-17', NULL),
(128, 85, 46, 'Lipid Profile', 'Completed', '2025-05-24', '/reports/116.pdf'),
(129, 87, 49, 'Widal Test', 'Completed', '2025-03-26', '/reports/393.pdf'),
(130, 100, 24, 'ECG', 'Pending', '2025-06-07', NULL),
(131, 81, 5, 'Thyroid Profile', 'Completed', '2025-09-12', '/reports/222.pdf'),
(132, 96, 58, 'Dengue NS1', 'Completed', '2025-04-21', '/reports/369.pdf'),
(133, 78, 23, 'Lipid Profile', 'Completed', '2025-01-20', '/reports/499.pdf'),
(134, 52, 12, 'Urine Routine', 'Completed', '2025-09-05', '/reports/357.pdf'),
(135, 40, 25, 'Liver Function Test', 'Completed', '2025-09-26', '/reports/259.pdf'),
(136, 84, 19, 'Vitamin B12 Test', 'Completed', '2025-09-22', '/reports/447.pdf'),
(137, 34, 27, 'Vitamin D Test', 'Pending', '2025-07-18', NULL),
(138, 134, 15, 'CBC', 'Completed', '2025-01-23', '/reports/452.pdf'),
(139, 23, 43, 'Urine Routine', 'Completed', '2025-02-22', '/reports/367.pdf'),
(140, 80, 3, 'ECG', 'Completed', '2025-11-24', '/reports/208.pdf'),
(141, 83, 26, 'HbA1c', 'Pending', '2025-09-30', NULL),
(142, 82, 57, 'Widal Test', 'Pending', '2025-03-18', NULL),
(143, 41, 36, 'Lipid Profile', 'Pending', '2025-11-15', NULL),
(144, 144, 66, 'Lipid Profile', 'Pending', '2025-06-29', NULL),
(145, 141, 41, 'Thyroid Profile', 'Pending', '2025-12-27', NULL),
(146, 73, 74, 'HbA1c', 'Pending', '2025-06-09', NULL),
(147, 87, 70, 'Urine Routine', 'Pending', '2025-01-15', NULL),
(148, 121, 7, 'Lipid Profile', 'Completed', '2025-02-14', '/reports/319.pdf'),
(149, 101, 23, 'Vitamin D Test', 'Completed', '2025-10-31', '/reports/423.pdf'),
(150, 115, 79, 'Liver Function Test', 'Completed', '2025-04-12', '/reports/466.pdf'),
(151, 137, 11, 'Vitamin B12 Test', 'Completed', '2025-10-18', '/reports/168.pdf'),
(152, 24, 60, 'Lipid Profile', 'Completed', '2025-12-17', '/reports/430.pdf'),
(153, 120, 61, 'HbA1c', 'Completed', '2025-03-15', '/reports/416.pdf'),
(154, 67, 47, 'Kidney Function Test', 'Pending', '2025-12-07', NULL),
(155, 85, 42, 'Urine Routine', 'Completed', '2025-02-03', '/reports/344.pdf'),
(156, 29, 45, 'Urine Routine', 'Completed', '2025-03-29', '/reports/245.pdf'),
(157, 90, 78, 'ECG', 'Pending', '2025-02-22', NULL),
(158, 104, 14, 'Liver Function Test', 'Completed', '2025-02-06', '/reports/255.pdf'),
(159, 137, 60, 'Kidney Function Test', 'Completed', '2025-05-03', '/reports/418.pdf'),
(160, 63, 71, 'Blood Sugar Fasting', 'Completed', '2025-07-16', '/reports/134.pdf'),
(161, 88, 27, 'Dengue NS1', 'Completed', '2025-08-09', '/reports/323.pdf'),
(162, 146, 44, 'X-Ray Chest', 'Completed', '2025-03-30', '/reports/440.pdf'),
(163, 20, 74, 'Dengue NS1', 'Completed', '2025-10-31', '/reports/406.pdf'),
(164, 119, 42, 'X-Ray Chest', 'Pending', '2025-08-16', NULL),
(165, 46, 40, 'Kidney Function Test', 'Pending', '2025-02-25', NULL),
(166, 98, 42, 'Urine Routine', 'Completed', '2025-02-01', '/reports/147.pdf'),
(167, 56, 18, 'ECG', 'Completed', '2025-11-22', '/reports/101.pdf'),
(168, 38, 20, 'Urine Routine', 'Completed', '2025-07-19', '/reports/416.pdf'),
(169, 148, 58, 'HbA1c', 'Pending', '2025-06-12', NULL),
(170, 77, 73, 'Vitamin B12 Test', 'Completed', '2025-06-05', '/reports/323.pdf');

--
-- Triggers `lab_tests`
--
DELIMITER $$
CREATE TRIGGER `trg_lab_completed` AFTER UPDATE ON `lab_tests` FOR EACH ROW BEGIN
    IF NEW.status = 'Completed' THEN
        UPDATE medical_history SET description = 'Lab Test Completed' WHERE patient_id = NEW.patient_id;
    END IF;
END
$$
DELIMITER ;
DELIMITER $$
CREATE TRIGGER `trg_report_completed` AFTER INSERT ON `lab_tests` FOR EACH ROW BEGIN
    UPDATE appointments SET status = 'Completed' WHERE patient_id = NEW.patient_id AND doctor_id = NEW.doctor_id;
END
$$
DELIMITER ;

-- --------------------------------------------------------

--
-- Table structure for table `login_history`
--

CREATE TABLE `login_history` (
  `login_id` int(11) NOT NULL,
  `user_id` int(11) NOT NULL,
  `login_time` datetime DEFAULT NULL,
  `logout_time` datetime DEFAULT NULL,
  `ip_address` varchar(45) DEFAULT NULL
) ENGINE=InnoDB DEFAULT CHARSET=utf8mb4 COLLATE=utf8mb4_general_ci;

--
-- Dumping data for table `login_history`
--

INSERT INTO `login_history` (`login_id`, `user_id`, `login_time`, `logout_time`, `ip_address`) VALUES
(1, 34, '2025-07-26 10:00:00', '2025-07-26 16:00:00', '192.168.1.243'),
(2, 2, '2025-07-15 08:00:00', '2025-07-15 09:00:00', '192.168.1.185'),
(3, 34, '2025-07-03 08:00:00', '2025-07-03 14:00:00', '192.168.1.82'),
(4, 26, '2025-07-25 08:00:00', '2025-07-25 15:00:00', '192.168.1.17'),
(5, 26, '2025-07-25 08:00:00', '2025-07-25 11:00:00', '192.168.1.233'),
(6, 37, '2025-07-02 10:00:00', '2025-07-02 19:00:00', '192.168.1.77'),
(7, 27, '2025-07-13 10:00:00', '2025-07-13 19:00:00', '192.168.1.225'),
(8, 20, '2025-07-24 10:00:00', '2025-07-24 16:00:00', '192.168.1.234'),
(9, 23, '2025-07-01 09:00:00', '2025-07-01 18:00:00', '192.168.1.158'),
(10, 10, '2025-07-23 09:00:00', '2025-07-23 17:00:00', '192.168.1.166'),
(11, 14, '2025-07-29 10:00:00', '2025-07-29 18:00:00', '192.168.1.180'),
(12, 23, '2025-07-29 10:00:00', '2025-07-29 17:00:00', '192.168.1.200'),
(13, 13, '2025-07-29 09:00:00', '2025-07-29 11:00:00', '192.168.1.11'),
(14, 35, '2025-07-11 09:00:00', '2025-07-11 12:00:00', '192.168.1.135'),
(15, 35, '2025-07-10 08:00:00', '2025-07-10 10:00:00', '192.168.1.132'),
(16, 36, '2025-07-10 10:00:00', '2025-07-10 16:00:00', '192.168.1.195'),
(17, 41, '2025-07-06 08:00:00', '2025-07-06 09:00:00', '192.168.1.229'),
(18, 35, '2025-07-19 09:00:00', '2025-07-19 13:00:00', '192.168.1.215'),
(19, 50, '2025-07-10 10:00:00', '2025-07-10 17:00:00', '192.168.1.131'),
(20, 8, '2025-07-24 08:00:00', '2025-07-24 14:00:00', '192.168.1.68'),
(21, 41, '2025-07-17 09:00:00', '2025-07-17 11:00:00', '192.168.1.14'),
(22, 49, '2025-07-21 08:00:00', '2025-07-21 16:00:00', '192.168.1.78'),
(23, 37, '2025-07-24 08:00:00', '2025-07-24 16:00:00', '192.168.1.88'),
(24, 16, '2025-07-26 10:00:00', '2025-07-26 19:00:00', '192.168.1.218'),
(25, 39, '2025-07-08 09:00:00', '2025-07-08 14:00:00', '192.168.1.74'),
(26, 43, '2025-07-26 10:00:00', '2025-07-26 13:00:00', '192.168.1.184'),
(27, 25, '2025-07-17 10:00:00', '2025-07-17 14:00:00', '192.168.1.28'),
(28, 21, '2025-07-17 10:00:00', '2025-07-17 14:00:00', '192.168.1.212'),
(29, 50, '2025-07-12 09:00:00', '2025-07-12 11:00:00', '192.168.1.39'),
(30, 46, '2025-07-14 09:00:00', '2025-07-14 11:00:00', '192.168.1.25'),
(31, 4, '2025-07-14 08:00:00', '2025-07-14 16:00:00', '192.168.1.56'),
(32, 29, '2025-07-03 09:00:00', '2025-07-03 18:00:00', '192.168.1.105'),
(33, 38, '2025-07-18 10:00:00', '2025-07-18 17:00:00', '192.168.1.225'),
(34, 17, '2025-07-19 09:00:00', '2025-07-19 16:00:00', '192.168.1.114'),
(35, 45, '2025-07-30 09:00:00', '2025-07-30 16:00:00', '192.168.1.212'),
(36, 11, '2025-07-05 10:00:00', '2025-07-05 13:00:00', '192.168.1.126'),
(37, 46, '2025-07-15 08:00:00', '2025-07-15 17:00:00', '192.168.1.222'),
(38, 34, '2025-07-04 10:00:00', '2025-07-04 14:00:00', '192.168.1.118'),
(39, 31, '2025-07-02 10:00:00', '2025-07-02 13:00:00', '192.168.1.243'),
(40, 36, '2025-07-12 08:00:00', '2025-07-12 15:00:00', '192.168.1.30'),
(41, 8, '2025-07-12 10:00:00', '2025-07-12 15:00:00', '192.168.1.12'),
(42, 34, '2025-07-05 08:00:00', '2025-07-05 14:00:00', '192.168.1.80'),
(43, 24, '2025-07-10 09:00:00', '2025-07-10 17:00:00', '192.168.1.9'),
(44, 10, '2025-07-05 10:00:00', '2025-07-05 17:00:00', '192.168.1.14'),
(45, 20, '2025-07-29 09:00:00', '2025-07-29 13:00:00', '192.168.1.48'),
(46, 48, '2025-07-16 08:00:00', '2025-07-16 10:00:00', '192.168.1.142'),
(47, 23, '2025-07-03 08:00:00', '2025-07-03 15:00:00', '192.168.1.125'),
(48, 37, '2025-07-10 10:00:00', '2025-07-10 18:00:00', '192.168.1.232'),
(49, 22, '2025-07-26 09:00:00', '2025-07-26 17:00:00', '192.168.1.215'),
(50, 47, '2025-07-27 10:00:00', '2025-07-27 13:00:00', '192.168.1.197'),
(51, 9, '2025-07-17 10:00:00', '2025-07-17 18:00:00', '192.168.1.196'),
(52, 29, '2025-07-22 09:00:00', '2025-07-22 12:00:00', '192.168.1.223'),
(53, 47, '2025-07-11 08:00:00', '2025-07-11 15:00:00', '192.168.1.101'),
(54, 15, '2025-07-29 09:00:00', '2025-07-29 15:00:00', '192.168.1.140'),
(55, 3, '2025-07-22 09:00:00', '2025-07-22 14:00:00', '192.168.1.167'),
(56, 6, '2025-07-28 08:00:00', '2025-07-28 09:00:00', '192.168.1.148'),
(57, 41, '2025-07-26 10:00:00', '2025-07-26 15:00:00', '192.168.1.145'),
(58, 42, '2025-07-04 10:00:00', '2025-07-04 19:00:00', '192.168.1.23'),
(59, 13, '2025-07-20 10:00:00', '2025-07-20 11:00:00', '192.168.1.247'),
(60, 37, '2025-07-17 08:00:00', '2025-07-17 16:00:00', '192.168.1.130'),
(61, 2, '2025-07-04 10:00:00', '2025-07-04 19:00:00', '192.168.1.48'),
(62, 2, '2025-07-09 08:00:00', '2025-07-09 12:00:00', '192.168.1.214'),
(63, 46, '2025-07-27 10:00:00', '2025-07-27 18:00:00', '192.168.1.23'),
(64, 35, '2025-07-20 09:00:00', '2025-07-20 16:00:00', '192.168.1.152'),
(65, 3, '2025-07-16 08:00:00', '2025-07-16 14:00:00', '192.168.1.113'),
(66, 12, '2025-07-14 08:00:00', '2025-07-14 17:00:00', '192.168.1.83'),
(67, 25, '2025-07-09 08:00:00', '2025-07-09 10:00:00', '192.168.1.27'),
(68, 35, '2025-07-06 09:00:00', '2025-07-06 12:00:00', '192.168.1.48'),
(69, 17, '2025-07-25 08:00:00', '2025-07-25 11:00:00', '192.168.1.80'),
(70, 27, '2025-07-22 08:00:00', '2025-07-22 09:00:00', '192.168.1.159'),
(71, 21, '2025-07-06 08:00:00', '2025-07-06 09:00:00', '192.168.1.78'),
(72, 25, '2025-07-04 09:00:00', '2025-07-04 12:00:00', '192.168.1.107'),
(73, 21, '2025-07-09 09:00:00', '2025-07-09 11:00:00', '192.168.1.15'),
(74, 13, '2025-07-08 10:00:00', '2025-07-08 14:00:00', '192.168.1.128'),
(75, 33, '2025-07-25 10:00:00', '2025-07-25 17:00:00', '192.168.1.245'),
(76, 8, '2025-07-09 08:00:00', '2025-07-09 14:00:00', '192.168.1.120'),
(77, 36, '2025-07-14 08:00:00', '2025-07-14 16:00:00', '192.168.1.9'),
(78, 27, '2025-07-21 08:00:00', '2025-07-21 09:00:00', '192.168.1.70'),
(79, 36, '2025-07-19 10:00:00', '2025-07-19 12:00:00', '192.168.1.65'),
(80, 49, '2025-07-18 10:00:00', '2025-07-18 13:00:00', '192.168.1.79'),
(81, 37, '2025-07-14 09:00:00', '2025-07-14 11:00:00', '192.168.1.218'),
(82, 41, '2025-07-17 08:00:00', '2025-07-17 11:00:00', '192.168.1.97'),
(83, 35, '2025-07-06 08:00:00', '2025-07-06 17:00:00', '192.168.1.245'),
(84, 28, '2025-07-30 10:00:00', '2025-07-30 18:00:00', '192.168.1.12'),
(85, 1, '2025-07-27 09:00:00', '2025-07-27 14:00:00', '192.168.1.169'),
(86, 11, '2025-07-01 08:00:00', '2025-07-01 16:00:00', '192.168.1.71'),
(87, 39, '2025-07-09 10:00:00', '2025-07-09 17:00:00', '192.168.1.91'),
(88, 41, '2025-07-07 10:00:00', '2025-07-07 19:00:00', '192.168.1.74'),
(89, 3, '2025-07-06 10:00:00', '2025-07-06 19:00:00', '192.168.1.146'),
(90, 5, '2025-07-10 08:00:00', '2025-07-10 15:00:00', '192.168.1.180'),
(91, 8, '2025-07-27 08:00:00', '2025-07-27 17:00:00', '192.168.1.73'),
(92, 28, '2025-07-07 10:00:00', '2025-07-07 19:00:00', '192.168.1.247'),
(93, 21, '2025-07-29 10:00:00', '2025-07-29 16:00:00', '192.168.1.164'),
(94, 17, '2025-07-25 10:00:00', '2025-07-25 18:00:00', '192.168.1.71'),
(95, 16, '2025-07-22 09:00:00', '2025-07-22 15:00:00', '192.168.1.55'),
(96, 30, '2025-07-20 09:00:00', '2025-07-20 10:00:00', '192.168.1.235'),
(97, 45, '2025-07-05 10:00:00', '2025-07-05 11:00:00', '192.168.1.157'),
(98, 31, '2025-07-01 08:00:00', '2025-07-01 11:00:00', '192.168.1.107'),
(99, 36, '2025-07-29 10:00:00', '2025-07-29 18:00:00', '192.168.1.197'),
(100, 26, '2025-07-18 08:00:00', '2025-07-18 10:00:00', '192.168.1.139'),
(101, 51, '2025-10-31 09:00:00', '2025-10-31 18:00:00', '192.168.1.64'),
(102, 52, '2025-02-25 10:00:00', '2025-02-25 17:00:00', '192.168.1.246'),
(103, 53, '2025-06-24 07:00:00', '2025-06-24 18:00:00', '192.168.1.134'),
(104, 54, '2025-05-02 07:00:00', '2025-05-02 20:00:00', '192.168.1.159'),
(105, 55, '2025-08-13 07:00:00', '2025-08-13 19:00:00', '192.168.1.149'),
(106, 56, '2025-03-05 07:00:00', '2025-03-05 16:00:00', '192.168.1.235'),
(107, 57, '2025-01-18 10:00:00', '2025-01-18 18:00:00', '192.168.1.228'),
(108, 58, '2025-12-22 07:00:00', '2025-12-22 17:00:00', '192.168.1.16'),
(109, 59, '2025-08-15 07:00:00', '2025-08-15 18:00:00', '192.168.1.157'),
(110, 60, '2025-11-17 10:00:00', '2025-11-17 16:00:00', '192.168.1.27'),
(111, 61, '2025-12-13 07:00:00', '2025-12-13 20:00:00', '192.168.1.14'),
(112, 62, '2025-05-31 10:00:00', '2025-05-31 19:00:00', '192.168.1.25'),
(113, 63, '2025-11-13 10:00:00', '2025-11-13 17:00:00', '192.168.1.222'),
(114, 64, '2025-11-03 07:00:00', '2025-11-03 19:00:00', '192.168.1.99'),
(115, 65, '2025-08-26 10:00:00', '2025-08-26 20:00:00', '192.168.1.159'),
(116, 66, '2025-02-21 09:00:00', '2025-02-21 16:00:00', '192.168.1.117'),
(117, 67, '2025-09-22 09:00:00', '2025-09-22 20:00:00', '192.168.1.50'),
(118, 68, '2025-02-25 07:00:00', '2025-02-25 16:00:00', '192.168.1.153'),
(119, 69, '2025-02-04 08:00:00', '2025-02-04 20:00:00', '192.168.1.33'),
(120, 70, '2025-11-23 09:00:00', '2025-11-23 18:00:00', '192.168.1.108'),
(121, 71, '2025-09-04 10:00:00', '2025-09-04 17:00:00', '192.168.1.63'),
(122, 72, '2025-03-12 07:00:00', '2025-03-12 16:00:00', '192.168.1.33'),
(123, 73, '2025-06-09 10:00:00', '2025-06-09 20:00:00', '192.168.1.246'),
(124, 74, '2025-11-30 09:00:00', '2025-11-30 18:00:00', '192.168.1.150'),
(125, 75, '2025-10-05 08:00:00', '2025-10-05 17:00:00', '192.168.1.121'),
(126, 76, '2025-06-08 09:00:00', '2025-06-08 18:00:00', '192.168.1.95'),
(127, 77, '2025-01-05 08:00:00', '2025-01-05 16:00:00', '192.168.1.61'),
(128, 78, '2025-09-17 07:00:00', '2025-09-17 19:00:00', '192.168.1.89'),
(129, 79, '2025-04-11 08:00:00', '2025-04-11 17:00:00', '192.168.1.202'),
(130, 80, '2025-02-05 09:00:00', '2025-02-05 17:00:00', '192.168.1.171'),
(131, 81, '2026-07-16 18:38:12', '2026-07-16 19:25:56', '127.0.0.1'),
(132, 81, '2026-07-16 18:45:14', '2026-07-16 19:25:56', '127.0.0.1'),
(133, 81, '2026-07-16 18:49:04', '2026-07-16 19:25:56', '127.0.0.1'),
(134, 81, '2026-07-16 18:51:21', '2026-07-16 19:25:56', '127.0.0.1'),
(135, 81, '2026-07-16 19:17:50', '2026-07-16 19:25:56', '127.0.0.1'),
(136, 81, '2026-07-16 19:27:14', '2026-07-16 19:27:28', '127.0.0.1'),
(137, 2, '2026-07-16 19:42:09', '2026-07-16 19:46:23', '127.0.0.1'),
(138, 1, '2026-07-16 19:49:17', '2026-07-16 19:57:29', '127.0.0.1'),
(139, 1, '2026-07-17 08:32:38', '2026-07-17 08:33:03', '127.0.0.1'),
(140, 2, '2026-07-17 08:33:18', '2026-07-17 11:00:40', '127.0.0.1'),
(141, 81, '2026-07-17 08:35:25', '2026-07-17 08:36:05', '127.0.0.1'),
(142, 81, '2026-07-17 10:57:01', '2026-07-17 11:01:35', '127.0.0.1'),
(143, 1, '2026-07-17 10:58:40', '2026-07-17 11:00:00', '127.0.0.1'),
(144, 2, '2026-07-17 11:00:09', '2026-07-17 11:00:40', '127.0.0.1'),
(145, 81, '2026-07-17 11:01:10', '2026-07-17 11:01:35', '127.0.0.1'),
(146, 81, '2026-07-17 11:02:28', '2026-07-17 21:45:14', '127.0.0.1'),
(147, 81, '2026-07-17 14:51:52', '2026-07-17 21:45:14', '127.0.0.1'),
(148, 81, '2026-07-17 14:54:47', '2026-07-17 21:45:14', '127.0.0.1'),
(149, 81, '2026-07-17 14:59:23', '2026-07-17 21:45:14', '127.0.0.1'),
(150, 81, '2026-07-17 15:00:04', '2026-07-17 21:45:14', '127.0.0.1'),
(151, 81, '2026-07-17 15:00:57', '2026-07-17 21:45:14', '127.0.0.1'),
(152, 81, '2026-07-17 15:03:41', '2026-07-17 21:45:14', '127.0.0.1'),
(153, 2, '2026-07-17 15:07:20', '2026-07-17 21:35:57', '127.0.0.1'),
(154, 1, '2026-07-17 15:08:57', '2026-07-17 15:12:57', '127.0.0.1'),
(155, 1, '2026-07-17 15:12:31', '2026-07-17 15:12:57', '127.0.0.1'),
(156, 2, '2026-07-17 20:25:34', '2026-07-17 21:35:57', '127.0.0.1'),
(157, 2, '2026-07-17 21:21:33', '2026-07-17 21:35:57', '127.0.0.1'),
(158, 2, '2026-07-17 21:22:36', '2026-07-17 21:35:57', '127.0.0.1'),
(159, 2, '2026-07-17 21:31:12', '2026-07-17 21:35:57', '127.0.0.1'),
(160, 2, '2026-07-17 21:34:11', '2026-07-17 21:35:57', '127.0.0.1'),
(161, 2, '2026-07-17 21:34:56', '2026-07-17 21:35:57', '127.0.0.1'),
(162, 2, '2026-07-17 21:36:54', '2026-07-17 21:40:33', '127.0.0.1'),
(163, 2, '2026-07-17 21:39:52', '2026-07-17 21:40:33', '127.0.0.1'),
(164, 81, '2026-07-17 21:44:05', '2026-07-17 21:45:14', '127.0.0.1'),
(165, 81, '2026-07-17 21:46:36', '2026-07-17 22:21:52', '127.0.0.1'),
(166, 82, '2026-07-17 21:59:25', '2026-07-17 22:18:44', '127.0.0.1'),
(167, 2, '2026-07-17 22:17:35', '2026-07-17 22:17:50', '127.0.0.1'),
(168, 82, '2026-07-17 22:18:20', '2026-07-17 22:18:44', '127.0.0.1'),
(169, 82, '2026-07-17 22:20:41', '2026-07-17 22:21:13', '127.0.0.1'),
(170, 81, '2026-07-17 22:21:28', '2026-07-17 22:21:52', '127.0.0.1');

-- --------------------------------------------------------

--
-- Table structure for table `medical_history`
--

CREATE TABLE `medical_history` (
  `history_id` int(11) NOT NULL,
  `patient_id` int(11) NOT NULL,
  `disease` varchar(100) DEFAULT NULL,
  `allergy` varchar(100) DEFAULT NULL,
  `surgery` varchar(100) DEFAULT NULL,
  `family_history` varchar(200) DEFAULT NULL,
  `description` text DEFAULT NULL
) ENGINE=InnoDB DEFAULT CHARSET=utf8mb4 COLLATE=utf8mb4_general_ci;

--
-- Dumping data for table `medical_history`
--

INSERT INTO `medical_history` (`history_id`, `patient_id`, `disease`, `allergy`, `surgery`, `family_history`, `description`) VALUES
(1, 72, 'Migraine', 'Pollen', 'None', 'Father - Diabetic', 'Routine history'),
(2, 7, 'None', 'None', 'None', 'Father - Diabetic', 'Routine history'),
(3, 21, 'Hypertension', 'Penicillin', 'None', 'Father - Diabetic', 'Routine history'),
(4, 33, 'None', 'None', 'None', 'Father - Diabetic', 'Routine history'),
(5, 58, 'Thyroid', 'Dust', 'None', 'Father - Diabetic', 'Routine history'),
(6, 34, 'Asthma', 'Dust', 'None', 'Father - Diabetic', 'Routine history'),
(7, 72, 'Arthritis', 'Dust', 'None', 'Father - Diabetic', 'Routine history'),
(8, 45, 'Hypertension', 'Seafood', 'None', 'Father - Diabetic', 'Routine history'),
(9, 16, 'Asthma', 'Pollen', 'None', 'Father - Diabetic', 'Routine history'),
(10, 26, 'Arthritis', 'Pollen', 'None', 'Father - Diabetic', 'Routine history'),
(11, 69, 'Diabetes', 'Dust', 'None', 'Father - Diabetic', 'Routine history'),
(12, 46, 'Asthma', 'Pollen', 'None', 'Father - Diabetic', 'Routine history'),
(13, 63, 'Migraine', 'Seafood', 'None', 'Father - Diabetic', 'Routine history'),
(14, 11, 'None', 'Pollen', 'None', 'Father - Diabetic', 'Routine history'),
(15, 37, 'None', 'Penicillin', 'None', 'Father - Diabetic', 'Routine history'),
(16, 22, 'Thyroid', 'Dust', 'None', 'Father - Diabetic', 'Routine history'),
(17, 54, 'Thyroid', 'Pollen', 'None', 'Father - Diabetic', 'Routine history'),
(18, 74, 'None', 'None', 'None', 'Father - Diabetic', 'Routine history'),
(19, 11, 'Diabetes', 'Dust', 'None', 'Father - Diabetic', 'Routine history'),
(20, 30, 'Asthma', 'Dust', 'None', 'Father - Diabetic', 'Routine history'),
(21, 38, 'Thyroid', 'Dust', 'None', 'Father - Diabetic', 'Routine history'),
(22, 78, 'Thyroid', 'Seafood', 'None', 'Father - Diabetic', 'Routine history'),
(23, 35, 'None', 'Dust', 'None', 'Father - Diabetic', 'Routine history'),
(24, 76, 'Arthritis', 'Seafood', 'None', 'Father - Diabetic', 'Routine history'),
(25, 53, 'Diabetes', 'Penicillin', 'None', 'Father - Diabetic', 'Routine history'),
(26, 3, 'Diabetes', 'Penicillin', 'None', 'Father - Diabetic', 'Routine history'),
(27, 33, 'Thyroid', 'None', 'None', 'Father - Diabetic', 'Routine history'),
(28, 27, 'Diabetes', 'Seafood', 'None', 'Father - Diabetic', 'Routine history'),
(29, 14, 'Hypertension', 'None', 'None', 'Father - Diabetic', 'Routine history'),
(30, 61, 'Arthritis', 'None', 'None', 'Father - Diabetic', 'Routine history'),
(31, 4, 'Migraine', 'Seafood', 'None', 'Father - Diabetic', 'Routine history'),
(32, 68, 'Migraine', 'None', 'None', 'Father - Diabetic', 'Routine history'),
(33, 14, 'Asthma', 'Pollen', 'None', 'Father - Diabetic', 'Routine history'),
(34, 20, 'Hypertension', 'Seafood', 'None', 'Father - Diabetic', 'Routine history'),
(35, 40, 'Diabetes', 'Penicillin', 'None', 'Father - Diabetic', 'Routine history'),
(36, 37, 'None', 'Penicillin', 'None', 'Father - Diabetic', 'Routine history'),
(37, 17, 'Arthritis', 'Penicillin', 'None', 'Father - Diabetic', 'Routine history'),
(38, 4, 'Hypertension', 'Dust', 'None', 'Father - Diabetic', 'Routine history'),
(39, 42, 'Migraine', 'Seafood', 'None', 'Father - Diabetic', 'Routine history'),
(40, 60, 'Migraine', 'Pollen', 'None', 'Father - Diabetic', 'Routine history'),
(41, 35, 'Arthritis', 'Seafood', 'None', 'Father - Diabetic', 'Routine history'),
(42, 18, 'Thyroid', 'Pollen', 'None', 'Father - Diabetic', 'Routine history'),
(43, 23, 'Arthritis', 'Pollen', 'None', 'Father - Diabetic', 'Routine history'),
(44, 59, 'Thyroid', 'Pollen', 'None', 'Father - Diabetic', 'Routine history'),
(45, 56, 'Arthritis', 'Pollen', 'None', 'Father - Diabetic', 'Routine history'),
(46, 40, 'Asthma', 'Seafood', 'None', 'Father - Diabetic', 'Routine history'),
(47, 70, 'Diabetes', 'None', 'None', 'Father - Diabetic', 'Routine history'),
(48, 57, 'Asthma', 'Dust', 'None', 'Father - Diabetic', 'Routine history'),
(49, 53, 'Asthma', 'Penicillin', 'None', 'Father - Diabetic', 'Routine history'),
(50, 39, 'Hypertension', 'None', 'None', 'Father - Diabetic', 'Routine history'),
(51, 67, 'Migraine', 'Penicillin', 'None', 'Father - Diabetic', 'Routine history'),
(52, 45, 'Asthma', 'Seafood', 'None', 'Father - Diabetic', 'Routine history'),
(53, 69, 'Hypertension', 'Seafood', 'None', 'Father - Diabetic', 'Routine history'),
(54, 62, 'Asthma', 'None', 'None', 'Father - Diabetic', 'Routine history'),
(55, 56, 'Migraine', 'Dust', 'None', 'Father - Diabetic', 'Routine history'),
(56, 77, 'Diabetes', 'None', 'None', 'Father - Diabetic', 'Routine history'),
(57, 71, 'Asthma', 'Penicillin', 'None', 'Father - Diabetic', 'Routine history'),
(58, 53, 'Arthritis', 'Seafood', 'None', 'Father - Diabetic', 'Routine history'),
(59, 51, 'Diabetes', 'Penicillin', 'None', 'Father - Diabetic', 'Routine history'),
(60, 50, 'Migraine', 'Seafood', 'None', 'Father - Diabetic', 'Routine history'),
(61, 29, 'Asthma', 'None', 'None', 'Father - Diabetic', 'Routine history'),
(62, 55, 'Thyroid', 'Penicillin', 'None', 'Father - Diabetic', 'Routine history'),
(63, 67, 'Migraine', 'Pollen', 'None', 'Father - Diabetic', 'Routine history'),
(64, 35, 'Asthma', 'Pollen', 'None', 'Father - Diabetic', 'Routine history'),
(65, 35, 'None', 'Penicillin', 'None', 'Father - Diabetic', 'Routine history'),
(66, 9, 'Diabetes', 'Penicillin', 'None', 'Father - Diabetic', 'Routine history'),
(67, 38, 'Hypertension', 'Seafood', 'None', 'Father - Diabetic', 'Routine history'),
(68, 80, 'None', 'Dust', 'None', 'Father - Diabetic', 'Routine history'),
(69, 80, 'None', 'Penicillin', 'None', 'Father - Diabetic', 'Routine history'),
(70, 42, 'Hypertension', 'Penicillin', 'None', 'Father - Diabetic', 'Routine history'),
(71, 7, 'Arthritis', 'None', 'None', 'Father - Diabetic', 'Routine history'),
(72, 24, 'Hypertension', 'Dust', 'None', 'Father - Diabetic', 'Routine history'),
(73, 35, 'Diabetes', 'Seafood', 'None', 'Father - Diabetic', 'Routine history'),
(74, 2, 'Diabetes', 'None', 'None', 'Father - Diabetic', 'Routine history'),
(75, 20, 'Hypertension', 'Seafood', 'None', 'Father - Diabetic', 'Routine history'),
(76, 28, 'Asthma', 'Seafood', 'None', 'Father - Diabetic', 'Routine history'),
(77, 40, 'Migraine', 'Seafood', 'None', 'Father - Diabetic', 'Routine history'),
(78, 48, 'None', 'None', 'None', 'Father - Diabetic', 'Routine history'),
(79, 43, 'Hypertension', 'Penicillin', 'None', 'Father - Diabetic', 'Routine history'),
(80, 8, 'Asthma', 'Seafood', 'None', 'Father - Diabetic', 'Routine history'),
(81, 10, 'Arthritis', 'Seafood', 'None', 'Father - Diabetic', 'Routine history'),
(82, 24, 'Diabetes', 'Dust', 'None', 'Father - Diabetic', 'Routine history'),
(83, 49, 'Migraine', 'None', 'None', 'Father - Diabetic', 'Routine history'),
(84, 16, 'Migraine', 'Penicillin', 'None', 'Father - Diabetic', 'Routine history'),
(85, 50, 'Migraine', 'Seafood', 'None', 'Father - Diabetic', 'Routine history'),
(86, 32, 'Thyroid', 'None', 'None', 'Father - Diabetic', 'Routine history'),
(87, 26, 'None', 'None', 'None', 'Father - Diabetic', 'Routine history'),
(88, 67, 'Thyroid', 'Penicillin', 'None', 'Father - Diabetic', 'Routine history'),
(89, 61, 'None', 'Dust', 'None', 'Father - Diabetic', 'Routine history'),
(90, 42, 'Diabetes', 'None', 'None', 'Father - Diabetic', 'Routine history'),
(91, 71, 'Arthritis', 'None', 'None', 'Father - Diabetic', 'Routine history'),
(92, 33, 'None', 'Dust', 'None', 'Father - Diabetic', 'Routine history'),
(93, 26, 'Asthma', 'None', 'None', 'Father - Diabetic', 'Routine history'),
(94, 28, 'Hypertension', 'Penicillin', 'None', 'Father - Diabetic', 'Routine history'),
(95, 56, 'Asthma', 'None', 'None', 'Father - Diabetic', 'Routine history'),
(96, 22, 'Migraine', 'Dust', 'None', 'Father - Diabetic', 'Routine history'),
(97, 75, 'Hypertension', 'Seafood', 'None', 'Father - Diabetic', 'Routine history'),
(98, 32, 'Hypertension', 'None', 'None', 'Father - Diabetic', 'Routine history'),
(99, 75, 'Migraine', 'Seafood', 'None', 'Father - Diabetic', 'Routine history'),
(100, 77, 'Diabetes', 'Dust', 'None', 'Father - Diabetic', 'Routine history'),
(101, 111, 'None', 'Seafood', 'Knee Replacement', 'Father - Diabetic', 'Routine history'),
(102, 29, 'Arthritis', 'None', 'Cataract Surgery', 'None significant', 'Routine history'),
(103, 49, 'None', 'Penicillin', 'Knee Replacement', 'Grandfather - Diabetic', 'Routine history'),
(104, 7, 'Thyroid', 'Pollen', 'Cataract Surgery', 'Mother - Thyroid', 'Routine history'),
(105, 114, 'TB (Cured)', 'Pollen', 'C-Section', 'Father - Diabetic', 'Routine history'),
(106, 60, 'Migraine', 'Seafood', 'Cataract Surgery', 'Mother - Hypertensive', 'Routine history'),
(107, 22, 'Hypertension', 'Seafood', 'None', 'Mother - Hypertensive', 'Routine history'),
(108, 38, 'Thyroid', 'Dust', 'Cataract Surgery', 'Grandfather - Diabetic', 'Routine history'),
(109, 29, 'Thyroid', 'None', 'C-Section', 'Father - Diabetic', 'Routine history'),
(110, 85, 'Migraine', 'Seafood', 'Knee Replacement', 'Mother - Hypertensive', 'Routine history'),
(111, 53, 'Jaundice', 'Peanuts', 'Cataract Surgery', 'Mother - Thyroid', 'Routine history'),
(112, 124, 'TB (Cured)', 'Seafood', 'Appendectomy', 'Grandfather - Diabetic', 'Routine history'),
(113, 5, 'Arthritis', 'Peanuts', 'Gallbladder Removal', 'Mother - Thyroid', 'Routine history'),
(114, 12, 'Thyroid', 'Pollen', 'None', 'None significant', 'Routine history'),
(115, 52, 'TB (Cured)', 'Penicillin', 'None', 'Father - Heart Disease', 'Routine history'),
(116, 3, 'Hypertension', 'None', 'Gallbladder Removal', 'None significant', 'Routine history'),
(117, 93, 'Hypertension', 'Dust', 'Cataract Surgery', 'Grandfather - Diabetic', 'Routine history'),
(118, 99, 'Migraine', 'None', 'Knee Replacement', 'Grandfather - Diabetic', 'Routine history'),
(119, 26, 'None', 'None', 'Knee Replacement', 'Mother - Thyroid', 'Routine history'),
(120, 23, 'Asthma', 'Pollen', 'Knee Replacement', 'Father - Heart Disease', 'Routine history'),
(121, 144, 'Diabetes', 'Dust', 'Appendectomy', 'Mother - Thyroid', 'Routine history'),
(122, 79, 'None', 'None', 'C-Section', 'Grandfather - Diabetic', 'Routine history'),
(123, 41, 'Diabetes', 'Penicillin', 'Gallbladder Removal', 'None significant', 'Routine history'),
(124, 91, 'Thyroid', 'Pollen', 'Knee Replacement', 'None significant', 'Routine history'),
(125, 16, 'Thyroid', 'None', 'None', 'Mother - Thyroid', 'Routine history'),
(126, 72, 'Migraine', 'Pollen', 'Cataract Surgery', 'Father - Heart Disease', 'Routine history'),
(127, 36, 'Hypertension', 'Seafood', 'C-Section', 'Mother - Thyroid', 'Routine history'),
(128, 59, 'Arthritis', 'Pollen', 'Knee Replacement', 'Mother - Hypertensive', 'Routine history'),
(129, 110, 'Thyroid', 'Peanuts', 'Cataract Surgery', 'Father - Heart Disease', 'Routine history'),
(130, 139, 'Asthma', 'Pollen', 'Gallbladder Removal', 'Mother - Hypertensive', 'Routine history'),
(131, 149, 'Jaundice', 'Seafood', 'Appendectomy', 'Mother - Hypertensive', 'Routine history'),
(132, 80, 'Jaundice', 'Pollen', 'C-Section', 'Mother - Hypertensive', 'Routine history'),
(133, 145, 'Asthma', 'Penicillin', 'None', 'Mother - Thyroid', 'Routine history'),
(134, 137, 'Hypertension', 'Pollen', 'Cataract Surgery', 'Mother - Hypertensive', 'Routine history'),
(135, 8, 'None', 'None', 'C-Section', 'None significant', 'Routine history'),
(136, 114, 'Thyroid', 'Pollen', 'Appendectomy', 'Father - Diabetic', 'Routine history'),
(137, 34, 'Asthma', 'Dust', 'Knee Replacement', 'Mother - Thyroid', 'Routine history'),
(138, 69, 'TB (Cured)', 'Peanuts', 'Knee Replacement', 'Mother - Hypertensive', 'Routine history'),
(139, 60, 'Migraine', 'Seafood', 'None', 'None significant', 'Routine history'),
(140, 21, 'Anemia', 'Pollen', 'Knee Replacement', 'Mother - Thyroid', 'Routine history'),
(141, 121, 'None', 'Pollen', 'C-Section', 'Father - Heart Disease', 'Routine history'),
(142, 122, 'Asthma', 'Pollen', 'Appendectomy', 'Mother - Hypertensive', 'Routine history'),
(143, 9, 'Arthritis', 'Lactose', 'None', 'None significant', 'Routine history'),
(144, 106, 'Migraine', 'Seafood', 'Gallbladder Removal', 'Mother - Hypertensive', 'Routine history'),
(145, 53, 'Hypertension', 'Pollen', 'C-Section', 'Mother - Thyroid', 'Routine history'),
(146, 126, 'None', 'Lactose', 'C-Section', 'Mother - Hypertensive', 'Routine history'),
(147, 110, 'Arthritis', 'Lactose', 'None', 'Mother - Thyroid', 'Routine history'),
(148, 98, 'None', 'None', 'Knee Replacement', 'Grandfather - Diabetic', 'Routine history'),
(149, 147, 'TB (Cured)', 'Peanuts', 'Knee Replacement', 'Grandfather - Diabetic', 'Routine history'),
(150, 10, 'Jaundice', 'Dust', 'C-Section', 'Father - Heart Disease', 'Routine history'),
(151, 11, 'Migraine', 'Peanuts', 'Knee Replacement', 'Father - Heart Disease', 'Routine history'),
(152, 11, 'Jaundice', 'None', 'Knee Replacement', 'Grandfather - Diabetic', 'Routine history'),
(153, 13, 'Migraine', 'Penicillin', 'C-Section', 'Father - Heart Disease', 'Routine history'),
(154, 78, 'Thyroid', 'None', 'Appendectomy', 'Father - Heart Disease', 'Routine history'),
(155, 76, 'TB (Cured)', 'Dust', 'Gallbladder Removal', 'Mother - Thyroid', 'Routine history'),
(156, 37, 'Anemia', 'Lactose', 'Gallbladder Removal', 'Father - Heart Disease', 'Routine history'),
(157, 24, 'Jaundice', 'Dust', 'Appendectomy', 'Mother - Thyroid', 'Routine history'),
(158, 140, 'Asthma', 'None', 'C-Section', 'None significant', 'Routine history'),
(159, 116, 'Diabetes', 'Pollen', 'C-Section', 'Mother - Thyroid', 'Routine history'),
(160, 52, 'Anemia', 'Dust', 'Cataract Surgery', 'None significant', 'Routine history'),
(161, 42, 'Hypertension', 'Dust', 'None', 'Grandfather - Diabetic', 'Routine history'),
(162, 116, 'None', 'Dust', 'Knee Replacement', 'Grandfather - Diabetic', 'Routine history'),
(163, 99, 'Jaundice', 'Peanuts', 'Appendectomy', 'Father - Heart Disease', 'Routine history'),
(164, 141, 'Arthritis', 'Dust', 'Appendectomy', 'None significant', 'Routine history'),
(165, 145, 'Asthma', 'Pollen', 'Appendectomy', 'Mother - Hypertensive', 'Routine history'),
(166, 14, 'Arthritis', 'Penicillin', 'Cataract Surgery', 'Grandfather - Diabetic', 'Routine history'),
(167, 115, 'Thyroid', 'Seafood', 'Appendectomy', 'Father - Diabetic', 'Routine history'),
(168, 34, 'Migraine', 'Dust', 'Knee Replacement', 'None significant', 'Routine history'),
(169, 4, 'Anemia', 'None', 'C-Section', 'Mother - Thyroid', 'Routine history'),
(170, 2, 'TB (Cured)', 'None', 'Appendectomy', 'Mother - Hypertensive', 'Routine history'),
(171, 1, NULL, NULL, NULL, NULL, 'Migrane');

--
-- Triggers `medical_history`
--
DELIMITER $$
CREATE TRIGGER `trg_record_updated` AFTER UPDATE ON `medical_history` FOR EACH ROW BEGIN
    INSERT INTO audit_log(user_id, operation, table_name) VALUES (1, 'UPDATE', 'medical_history');
END
$$
DELIMITER ;

-- --------------------------------------------------------

--
-- Table structure for table `medicine_issue`
--

CREATE TABLE `medicine_issue` (
  `issue_id` int(11) NOT NULL,
  `patient_id` int(11) NOT NULL,
  `medicine_id` int(11) NOT NULL,
  `quantity` int(11) NOT NULL,
  `issue_date` date NOT NULL
) ENGINE=InnoDB DEFAULT CHARSET=utf8mb4 COLLATE=utf8mb4_general_ci;

--
-- Dumping data for table `medicine_issue`
--

INSERT INTO `medicine_issue` (`issue_id`, `patient_id`, `medicine_id`, `quantity`, `issue_date`) VALUES
(1, 25, 9, 28, '2025-07-01'),
(2, 30, 67, 11, '2025-07-21'),
(3, 53, 75, 21, '2025-07-11'),
(4, 42, 63, 22, '2025-07-19'),
(5, 68, 71, 15, '2025-07-15'),
(6, 39, 73, 29, '2025-07-05'),
(7, 40, 22, 9, '2025-07-26'),
(8, 30, 62, 10, '2025-07-12'),
(9, 7, 19, 10, '2025-07-12'),
(10, 59, 22, 30, '2025-07-20'),
(11, 21, 92, 10, '2025-07-18'),
(12, 24, 23, 23, '2025-07-27'),
(13, 20, 21, 4, '2025-07-08'),
(14, 6, 41, 5, '2025-07-19'),
(15, 57, 34, 6, '2025-07-12'),
(16, 27, 72, 2, '2025-07-23'),
(17, 41, 45, 12, '2025-07-05'),
(18, 58, 70, 18, '2025-07-06'),
(19, 39, 16, 1, '2025-07-30'),
(20, 52, 64, 5, '2025-07-25'),
(21, 59, 41, 1, '2025-07-05'),
(22, 70, 65, 21, '2025-07-11'),
(23, 38, 61, 10, '2025-07-29'),
(24, 74, 86, 26, '2025-07-05'),
(25, 73, 94, 30, '2025-07-30'),
(26, 57, 44, 4, '2025-07-23'),
(27, 62, 6, 22, '2025-07-05'),
(28, 71, 15, 1, '2025-07-10'),
(29, 52, 80, 8, '2025-07-27'),
(30, 58, 46, 11, '2025-07-03'),
(31, 8, 78, 7, '2025-07-21'),
(32, 75, 68, 26, '2025-07-08'),
(33, 36, 26, 3, '2025-07-01'),
(34, 69, 58, 22, '2025-07-22'),
(35, 12, 66, 7, '2025-07-13'),
(36, 63, 41, 20, '2025-07-20'),
(37, 66, 8, 22, '2025-07-30'),
(38, 47, 51, 23, '2025-07-05'),
(39, 55, 48, 12, '2025-07-13'),
(40, 2, 37, 12, '2025-07-12'),
(41, 40, 58, 18, '2025-07-28'),
(42, 12, 28, 29, '2025-07-24'),
(43, 57, 95, 26, '2025-07-14'),
(44, 57, 37, 26, '2025-07-06'),
(45, 55, 94, 14, '2025-07-29'),
(46, 18, 76, 3, '2025-07-20'),
(47, 19, 27, 16, '2025-07-10'),
(48, 68, 43, 30, '2025-07-03'),
(49, 76, 97, 3, '2025-07-13'),
(50, 1, 53, 30, '2025-07-21'),
(51, 35, 54, 18, '2025-07-06'),
(52, 60, 91, 25, '2025-07-19'),
(53, 18, 26, 27, '2025-07-06'),
(54, 49, 38, 16, '2025-07-18'),
(55, 6, 39, 19, '2025-07-27'),
(56, 39, 64, 24, '2025-07-18'),
(57, 60, 29, 26, '2025-07-01'),
(58, 1, 20, 10, '2025-07-09'),
(59, 61, 16, 22, '2025-07-21'),
(60, 37, 54, 16, '2025-07-06'),
(61, 32, 4, 25, '2025-07-04'),
(62, 36, 64, 20, '2025-07-03'),
(63, 47, 75, 19, '2025-07-16'),
(64, 56, 34, 22, '2025-07-21'),
(65, 61, 89, 4, '2025-07-27'),
(66, 48, 66, 19, '2025-07-24'),
(67, 3, 34, 19, '2025-07-06'),
(68, 8, 19, 15, '2025-07-11'),
(69, 18, 46, 2, '2025-07-06'),
(70, 35, 47, 21, '2025-07-14'),
(71, 46, 7, 10, '2025-07-10'),
(72, 68, 82, 3, '2025-07-30'),
(73, 66, 25, 21, '2025-07-25'),
(74, 24, 98, 20, '2025-07-04'),
(75, 22, 70, 28, '2025-07-11'),
(76, 41, 88, 10, '2025-07-26'),
(77, 35, 88, 23, '2025-07-23'),
(78, 47, 13, 19, '2025-07-18'),
(79, 46, 19, 5, '2025-07-01'),
(80, 67, 37, 25, '2025-07-12'),
(81, 63, 53, 30, '2025-07-11'),
(82, 21, 14, 5, '2025-07-07'),
(83, 65, 29, 7, '2025-07-27'),
(84, 72, 79, 27, '2025-07-23'),
(85, 68, 69, 18, '2025-07-23'),
(86, 15, 54, 30, '2025-07-15'),
(87, 10, 15, 5, '2025-07-27'),
(88, 3, 62, 10, '2025-07-12'),
(89, 47, 18, 15, '2025-07-27'),
(90, 77, 67, 11, '2025-07-25'),
(91, 23, 91, 1, '2025-07-10'),
(92, 16, 29, 28, '2025-07-05'),
(93, 19, 89, 10, '2025-07-08'),
(94, 17, 27, 3, '2025-07-05'),
(95, 55, 89, 26, '2025-07-25'),
(96, 15, 10, 25, '2025-07-01'),
(97, 62, 97, 2, '2025-07-14'),
(98, 26, 14, 26, '2025-07-02'),
(99, 66, 76, 16, '2025-07-02'),
(100, 16, 33, 3, '2025-07-02'),
(101, 39, 86, 25, '2025-07-01'),
(102, 13, 16, 20, '2025-07-30'),
(103, 27, 76, 7, '2025-07-29'),
(104, 24, 86, 1, '2025-07-12'),
(105, 12, 19, 24, '2025-07-28'),
(106, 36, 75, 12, '2025-07-12'),
(107, 21, 65, 24, '2025-07-25'),
(108, 79, 31, 19, '2025-07-17'),
(109, 9, 13, 19, '2025-07-27'),
(110, 2, 68, 23, '2025-07-07'),
(111, 25, 37, 29, '2025-07-06'),
(112, 69, 1, 4, '2025-07-24'),
(113, 28, 65, 23, '2025-07-28'),
(114, 61, 47, 19, '2025-07-23'),
(115, 24, 57, 4, '2025-07-22'),
(116, 24, 46, 14, '2025-07-13'),
(117, 28, 66, 14, '2025-07-08'),
(118, 15, 98, 4, '2025-07-11'),
(119, 60, 15, 5, '2025-07-17'),
(120, 64, 98, 23, '2025-07-12'),
(121, 37, 72, 2, '2025-07-24'),
(122, 11, 42, 4, '2025-07-16'),
(123, 50, 37, 20, '2025-07-15'),
(124, 40, 88, 15, '2025-07-27'),
(125, 29, 71, 10, '2025-07-14'),
(126, 55, 25, 3, '2025-07-28'),
(127, 61, 87, 6, '2025-07-12'),
(128, 2, 87, 22, '2025-07-16'),
(129, 14, 51, 17, '2025-07-15'),
(130, 11, 16, 13, '2025-07-05'),
(131, 52, 89, 4, '2025-07-19'),
(132, 22, 9, 7, '2025-07-12'),
(133, 44, 26, 28, '2025-07-20'),
(134, 52, 16, 27, '2025-07-08'),
(135, 55, 93, 9, '2025-07-16'),
(136, 75, 76, 25, '2025-07-09'),
(137, 52, 46, 22, '2025-07-16'),
(138, 78, 52, 17, '2025-07-16'),
(139, 36, 19, 15, '2025-07-25'),
(140, 14, 16, 16, '2025-07-09'),
(141, 64, 30, 5, '2025-07-21'),
(142, 4, 13, 2, '2025-07-24'),
(143, 9, 64, 1, '2025-07-22'),
(144, 23, 49, 22, '2025-07-20'),
(145, 42, 20, 20, '2025-07-10'),
(146, 80, 13, 3, '2025-07-25'),
(147, 67, 99, 26, '2025-07-16'),
(148, 60, 26, 22, '2025-07-10'),
(149, 64, 63, 9, '2025-07-17'),
(150, 70, 44, 28, '2025-07-26'),
(151, 35, 1, 13, '2025-04-13'),
(152, 79, 81, 19, '2025-02-12'),
(153, 29, 41, 8, '2025-09-22'),
(154, 34, 106, 26, '2025-06-13'),
(155, 116, 123, 28, '2025-03-10'),
(156, 67, 45, 22, '2025-10-31'),
(157, 84, 73, 7, '2025-02-13'),
(158, 107, 95, 6, '2025-07-21'),
(159, 97, 58, 1, '2025-01-12'),
(160, 143, 59, 30, '2025-02-15'),
(161, 119, 51, 9, '2025-12-26'),
(162, 44, 13, 13, '2025-11-13'),
(163, 110, 67, 5, '2025-02-15'),
(164, 95, 44, 19, '2025-03-02'),
(165, 4, 135, 14, '2025-08-21'),
(166, 127, 31, 8, '2025-04-15'),
(167, 49, 69, 10, '2025-09-11'),
(168, 98, 34, 14, '2025-04-16'),
(169, 56, 73, 24, '2025-12-13'),
(170, 49, 108, 6, '2025-07-29'),
(171, 38, 8, 10, '2025-05-15'),
(172, 61, 116, 30, '2025-05-08'),
(173, 95, 118, 3, '2025-01-06'),
(174, 121, 35, 28, '2025-06-15'),
(175, 102, 55, 23, '2025-07-16'),
(176, 109, 66, 3, '2025-02-18'),
(177, 143, 16, 2, '2025-06-20'),
(178, 61, 121, 30, '2025-07-01'),
(179, 12, 2, 9, '2025-09-16'),
(180, 98, 78, 13, '2025-12-10'),
(181, 95, 34, 29, '2025-10-14'),
(182, 11, 46, 9, '2025-03-28'),
(183, 129, 127, 30, '2025-06-23'),
(184, 120, 34, 3, '2025-06-12'),
(185, 136, 111, 5, '2025-05-14'),
(186, 30, 81, 2, '2025-03-07'),
(187, 128, 72, 24, '2025-07-04'),
(188, 111, 73, 29, '2025-05-15'),
(189, 68, 133, 11, '2025-08-12'),
(190, 43, 81, 24, '2025-09-09'),
(191, 39, 113, 2, '2025-04-07'),
(192, 39, 14, 8, '2025-04-04'),
(193, 10, 121, 9, '2025-03-25'),
(194, 120, 112, 4, '2025-09-11'),
(195, 11, 114, 12, '2025-10-15'),
(196, 125, 118, 16, '2025-02-27'),
(197, 38, 32, 12, '2025-02-17'),
(198, 53, 73, 6, '2025-03-28'),
(199, 131, 70, 19, '2025-12-06'),
(200, 150, 55, 19, '2025-01-03'),
(201, 135, 47, 14, '2025-02-09'),
(202, 64, 128, 22, '2025-02-18'),
(203, 85, 7, 10, '2025-12-15'),
(204, 32, 101, 12, '2025-10-30'),
(205, 28, 83, 5, '2025-01-15'),
(206, 21, 118, 27, '2025-12-04'),
(207, 123, 117, 21, '2025-05-18'),
(208, 2, 85, 2, '2025-12-02'),
(209, 116, 84, 24, '2025-10-19'),
(210, 34, 55, 28, '2025-01-25'),
(211, 73, 83, 26, '2025-01-29'),
(212, 19, 98, 3, '2025-07-24'),
(213, 66, 46, 8, '2025-07-24'),
(214, 23, 6, 28, '2025-04-17'),
(215, 42, 100, 25, '2025-07-26'),
(216, 73, 40, 4, '2025-06-02'),
(217, 126, 111, 24, '2025-06-08'),
(218, 34, 92, 22, '2025-02-19'),
(219, 95, 132, 7, '2025-09-08'),
(220, 115, 100, 16, '2025-05-18'),
(221, 145, 109, 3, '2025-08-05'),
(222, 95, 48, 14, '2025-11-19'),
(223, 110, 24, 2, '2025-09-20'),
(224, 88, 119, 22, '2025-04-25'),
(225, 40, 127, 17, '2025-11-19'),
(226, 135, 22, 10, '2025-08-28'),
(227, 112, 21, 30, '2025-09-02'),
(228, 77, 39, 5, '2025-12-17'),
(229, 77, 64, 17, '2025-08-07'),
(230, 76, 13, 18, '2025-02-09'),
(231, 12, 132, 4, '2025-09-19'),
(232, 109, 106, 4, '2025-08-26'),
(233, 146, 65, 12, '2025-05-11'),
(234, 150, 21, 25, '2025-09-15'),
(235, 5, 30, 24, '2025-12-05'),
(236, 119, 46, 26, '2025-04-04'),
(237, 101, 12, 3, '2025-08-02'),
(238, 77, 81, 19, '2025-08-21'),
(239, 116, 68, 11, '2025-04-06'),
(240, 55, 48, 3, '2025-11-06'),
(241, 67, 28, 14, '2025-10-01'),
(242, 5, 2, 13, '2025-03-01'),
(243, 4, 44, 21, '2025-09-02'),
(244, 118, 104, 28, '2025-12-03'),
(245, 125, 78, 20, '2025-11-12'),
(246, 93, 102, 26, '2025-06-04'),
(247, 23, 33, 5, '2025-01-08'),
(248, 49, 29, 27, '2025-01-09'),
(249, 49, 7, 7, '2025-09-04'),
(250, 38, 62, 14, '2025-11-17');

-- --------------------------------------------------------

--
-- Table structure for table `patients`
--

CREATE TABLE `patients` (
  `patient_id` int(11) NOT NULL,
  `health_id` varchar(20) DEFAULT NULL,
  `first_name` varchar(50) DEFAULT NULL,
  `last_name` varchar(50) DEFAULT NULL,
  `gender` enum('M','F','O') DEFAULT NULL,
  `dob` date DEFAULT NULL,
  `blood_group` varchar(5) DEFAULT NULL,
  `phone` varchar(15) DEFAULT NULL,
  `email` varchar(100) DEFAULT NULL,
  `address` varchar(255) DEFAULT NULL,
  `city` varchar(50) DEFAULT NULL,
  `state` varchar(50) DEFAULT NULL,
  `pincode` varchar(10) DEFAULT NULL,
  `aadhaar` varchar(20) DEFAULT NULL,
  `abha_id` varchar(30) DEFAULT NULL,
  `height` decimal(5,2) DEFAULT NULL,
  `weight` decimal(5,2) DEFAULT NULL,
  `emergency_contact` varchar(15) DEFAULT NULL,
  `registration_date` date DEFAULT NULL,
  `user_id` int(11) DEFAULT NULL
) ENGINE=InnoDB DEFAULT CHARSET=utf8mb4 COLLATE=utf8mb4_general_ci;

--
-- Dumping data for table `patients`
--

INSERT INTO `patients` (`patient_id`, `health_id`, `first_name`, `last_name`, `gender`, `dob`, `blood_group`, `phone`, `email`, `address`, `city`, `state`, `pincode`, `aadhaar`, `abha_id`, `height`, `weight`, `emergency_contact`, `registration_date`, `user_id`) VALUES
(1, 'HC00001', 'Manav', 'Mehta', 'F', '1967-10-08', 'A+', '9316495661', 'patient1@mail.com', 'Area 1', 'Mehsana', 'Gujarat', '38001', '100000000001', 'ABHA00001', 183.00, 65.00, '9550139320', '2025-01-02', 81),
(2, 'HC00002', 'Hetvi', 'Bhatt', 'M', '2002-12-11', 'B-', '9963121477', 'patient2@mail.com', 'Area 2', 'Bhavnagar', 'Gujarat', '38002', '100000000002', 'ABHA00002', 169.00, 74.00, '9240529481', '2025-01-03', 82),
(3, 'HC00003', 'Manan', 'Desai', 'M', '1989-10-19', 'A-', '9982160068', 'patient3@mail.com', 'Area 3', 'Surat', 'Gujarat', '38003', '100000000003', 'ABHA00003', 182.00, 61.00, '9328872698', '2025-01-04', 83),
(4, 'HC00004', 'Dev', 'Kapadia', 'M', '2016-04-12', 'O+', '9968812137', 'patient4@mail.com', 'Area 4', 'Vadodara', 'Gujarat', '38004', '100000000004', 'ABHA00004', 184.00, 90.00, '9995226828', '2025-01-05', 84),
(5, 'HC00005', 'Isha', 'Choksi', 'M', '2002-09-10', 'A-', '9945496015', 'patient5@mail.com', 'Area 5', 'Vadodara', 'Gujarat', '38005', '100000000005', 'ABHA00005', 156.00, 92.00, '9223940587', '2025-01-06', 85),
(6, 'HC00006', 'Vivek', 'Trivedi', 'F', '1978-10-07', 'O-', '9995125977', 'patient6@mail.com', 'Area 6', 'Rajkot', 'Gujarat', '38006', '100000000006', 'ABHA00006', 182.00, 76.00, '9383450553', '2025-01-07', 86),
(7, 'HC00007', 'Jinal', 'Shah', 'M', '2000-07-27', 'O+', '9910475894', 'patient7@mail.com', 'Area 7', 'Ahmedabad', 'Gujarat', '38007', '100000000007', 'ABHA00007', 158.00, 85.00, '9458153605', '2025-01-08', 87),
(8, 'HC00008', 'Jinal', 'Vora', 'F', '1995-12-14', 'A+', '9920099059', 'patient8@mail.com', 'Area 8', 'Surat', 'Gujarat', '38008', '100000000008', 'ABHA00008', 159.00, 79.00, '9841976666', '2025-01-09', 88),
(9, 'HC00009', 'Vivaan', 'Kapadia', 'M', '1987-03-02', 'O+', '9915354599', 'patient9@mail.com', 'Area 9', 'Jamnagar', 'Gujarat', '38009', '100000000009', 'ABHA00009', 163.00, 88.00, '9484194737', '2025-01-10', 89),
(10, 'HC00010', 'Nirali', 'Joshi', 'F', '2009-09-28', 'AB+', '9930743797', 'patient10@mail.com', 'Area 10', 'Mehsana', 'Gujarat', '38000', '100000000010', 'ABHA00010', 160.00, 56.00, '9354194771', '2025-01-11', 90),
(11, 'HC00011', 'Bhavya', 'Pandya', 'M', '1971-12-11', 'AB+', '9945810056', 'patient11@mail.com', 'Area 11', 'Rajkot', 'Gujarat', '38001', '100000000011', 'ABHA00011', 156.00, 69.00, '9270937380', '2025-01-12', 91),
(12, 'HC00012', 'Nisarg', 'Shah', 'F', '1974-04-27', 'AB-', '9950962024', 'patient12@mail.com', 'Area 12', 'Jamnagar', 'Gujarat', '38002', '100000000012', 'ABHA00012', 164.00, 59.00, '9981044229', '2025-01-13', 92),
(13, 'HC00013', 'Aarav', 'Parmar', 'F', '1981-05-28', 'A-', '9957130035', 'patient13@mail.com', 'Area 13', 'Bhavnagar', 'Gujarat', '38003', '100000000013', 'ABHA00013', 182.00, 70.00, '9788785773', '2025-01-14', 93),
(14, 'HC00014', 'Yash', 'Brahmbhatt', 'F', '2020-01-04', 'O+', '9987925434', 'patient14@mail.com', 'Area 14', 'Vadodara', 'Gujarat', '38004', '100000000014', 'ABHA00014', 152.00, 51.00, '9385042337', '2025-01-15', 94),
(15, 'HC00015', 'Kavya', 'Pandya', 'F', '2006-06-14', 'A-', '9987388337', 'patient15@mail.com', 'Area 15', 'Gandhinagar', 'Gujarat', '38005', '100000000015', 'ABHA00015', 166.00, 47.00, '9304095531', '2025-01-16', 95),
(16, 'HC00016', 'Parth', 'Pandya', 'M', '1993-09-22', 'B-', '9967887757', 'patient16@mail.com', 'Area 16', 'Jamnagar', 'Gujarat', '38006', '100000000016', 'ABHA00016', 171.00, 84.00, '9175133802', '2025-01-17', 96),
(17, 'HC00017', 'Manan', 'Joshi', 'F', '1992-05-22', 'AB+', '9964009265', 'patient17@mail.com', 'Area 17', 'Jamnagar', 'Gujarat', '38007', '100000000017', 'ABHA00017', 168.00, 80.00, '9848621833', '2025-01-18', 97),
(18, 'HC00018', 'Dev', 'Parmar', 'F', '2002-07-22', 'B+', '9986384014', 'patient18@mail.com', 'Area 18', 'Mehsana', 'Gujarat', '38008', '100000000018', 'ABHA00018', 175.00, 80.00, '9423142470', '2025-01-19', 98),
(19, 'HC00019', 'Tirth', 'Patel', 'F', '1978-04-14', 'O-', '9969295515', 'patient19@mail.com', 'Area 19', 'Anand', 'Gujarat', '38009', '100000000019', 'ABHA00019', 163.00, 77.00, '9574765466', '2025-01-20', 99),
(20, 'HC00020', 'Pooja', 'Vora', 'M', '1978-09-22', 'O-', '9941523529', 'patient20@mail.com', 'Area 20', 'Surat', 'Gujarat', '38000', '100000000020', 'ABHA00020', 169.00, 59.00, '9822408848', '2025-01-21', 100),
(21, 'HC00021', 'Soham', 'Parmar', 'M', '1961-01-08', 'AB-', '9919774839', 'patient21@mail.com', 'Area 21', 'Mehsana', 'Gujarat', '38001', '100000000021', 'ABHA00021', 176.00, 85.00, '9588999385', '2025-01-22', NULL),
(22, 'HC00022', 'Anaya', 'Parmar', 'F', '1991-07-08', 'B+', '9924305904', 'patient22@mail.com', 'Area 22', 'Ahmedabad', 'Gujarat', '38002', '100000000022', 'ABHA00022', 177.00, 59.00, '9935822550', '2025-01-23', NULL),
(23, 'HC00023', 'Krisha', 'Gandhi', 'F', '1963-09-08', 'A-', '9927896471', 'patient23@mail.com', 'Area 23', 'Anand', 'Gujarat', '38003', '100000000023', 'ABHA00023', 179.00, 87.00, '9960514523', '2025-01-24', NULL),
(24, 'HC00024', 'Rohan', 'Brahmbhatt', 'F', '2020-08-20', 'AB+', '9969849511', 'patient24@mail.com', 'Area 24', 'Junagadh', 'Gujarat', '38004', '100000000024', 'ABHA00024', 180.00, 73.00, '9270894498', '2025-01-25', NULL),
(25, 'HC00025', 'Jinal', 'Mehta', 'F', '2009-09-16', 'B-', '9969038700', 'patient25@mail.com', 'Area 25', 'Bhavnagar', 'Gujarat', '38005', '100000000025', 'ABHA00025', 168.00, 60.00, '9183197117', '2025-01-26', NULL),
(26, 'HC00026', 'Jinal', 'Rao', 'F', '2017-09-03', 'B+', '9941039390', 'patient26@mail.com', 'Area 26', 'Vadodara', 'Gujarat', '38006', '100000000026', 'ABHA00026', 159.00, 90.00, '9511281012', '2025-01-27', NULL),
(27, 'HC00027', 'Riya', 'Desai', 'F', '1986-06-18', 'AB-', '9918357162', 'patient27@mail.com', 'Area 27', 'Gandhinagar', 'Gujarat', '38007', '100000000027', 'ABHA00027', 176.00, 69.00, '9322086735', '2025-01-28', NULL),
(28, 'HC00028', 'Bhavya', 'Thakkar', 'M', '2014-10-13', 'AB-', '9957212267', 'patient28@mail.com', 'Area 28', 'Ahmedabad', 'Gujarat', '38008', '100000000028', 'ABHA00028', 174.00, 71.00, '9420632895', '2025-01-29', NULL),
(29, 'HC00029', 'Vivek', 'Brahmbhatt', 'M', '1991-04-09', 'AB+', '9913895645', 'patient29@mail.com', 'Area 29', 'Anand', 'Gujarat', '38009', '100000000029', 'ABHA00029', 171.00, 87.00, '9517532243', '2025-01-30', NULL),
(30, 'HC00030', 'Yash', 'Amin', 'M', '2013-08-05', 'A+', '9989442503', 'patient30@mail.com', 'Area 30', 'Gandhinagar', 'Gujarat', '38000', '100000000030', 'ABHA00030', 151.00, 50.00, '9706011277', '2025-01-31', NULL),
(31, 'HC00031', 'Mihir', 'Pandya', 'M', '2015-08-06', 'A+', '9960882459', 'patient31@mail.com', 'Area 31', 'Bhavnagar', 'Gujarat', '38001', '100000000031', 'ABHA00031', 163.00, 74.00, '9451492250', '2025-02-01', NULL),
(32, 'HC00032', 'Manan', 'Rao', 'F', '1977-07-09', 'A-', '9912601580', 'patient32@mail.com', 'Area 32', 'Anand', 'Gujarat', '38002', '100000000032', 'ABHA00032', 184.00, 48.00, '9904258674', '2025-02-02', NULL),
(33, 'HC00033', 'Harsh', 'Mehta', 'M', '2009-11-02', 'A+', '9936757737', 'patient33@mail.com', 'Area 33', 'Rajkot', 'Gujarat', '38003', '100000000033', 'ABHA00033', 159.00, 60.00, '9121882877', '2025-02-03', NULL),
(34, 'HC00034', 'Dev', 'Dave', 'M', '1996-04-15', 'O+', '9932520277', 'patient34@mail.com', 'Area 34', 'Jamnagar', 'Gujarat', '38004', '100000000034', 'ABHA00034', 157.00, 94.00, '9750572325', '2025-02-04', NULL),
(35, 'HC00035', 'Tirth', 'Vora', 'F', '1966-10-01', 'O+', '9960372847', 'patient35@mail.com', 'Area 35', 'Mehsana', 'Gujarat', '38005', '100000000035', 'ABHA00035', 162.00, 49.00, '9525904456', '2025-02-05', NULL),
(36, 'HC00036', 'Anaya', 'Mehta', 'M', '2004-05-28', 'A-', '9915512205', 'patient36@mail.com', 'Area 36', 'Mehsana', 'Gujarat', '38006', '100000000036', 'ABHA00036', 184.00, 72.00, '9472807202', '2025-02-06', NULL),
(37, 'HC00037', 'Yash', 'Kapadia', 'M', '1992-11-11', 'A+', '9975793759', 'patient37@mail.com', 'Area 37', 'Gandhinagar', 'Gujarat', '38007', '100000000037', 'ABHA00037', 177.00, 68.00, '9213321496', '2025-02-07', NULL),
(38, 'HC00038', 'Mihir', 'Soni', 'M', '1987-03-24', 'O+', '9982232344', 'patient38@mail.com', 'Area 38', 'Mehsana', 'Gujarat', '38008', '100000000038', 'ABHA00038', 180.00, 74.00, '9931764920', '2025-02-08', NULL),
(39, 'HC00039', 'Kunal', 'Thakkar', 'F', '1980-04-27', 'A-', '9970505620', 'patient39@mail.com', 'Area 39', 'Bhavnagar', 'Gujarat', '38009', '100000000039', 'ABHA00039', 179.00, 81.00, '9361846370', '2025-02-09', NULL),
(40, 'HC00040', 'Kavya', 'Amin', 'F', '1961-08-28', 'O-', '9975437844', 'patient40@mail.com', 'Area 40', 'Vadodara', 'Gujarat', '38000', '100000000040', 'ABHA00040', 172.00, 61.00, '9327761953', '2025-02-10', NULL),
(41, 'HC00041', 'Manan', 'Bhatt', 'F', '1995-01-17', 'B-', '9942394260', 'patient41@mail.com', 'Area 41', 'Surat', 'Gujarat', '38001', '100000000041', 'ABHA00041', 176.00, 76.00, '9873174285', '2025-02-11', NULL),
(42, 'HC00042', 'Vivek', 'Mehta', 'F', '2001-12-16', 'AB-', '9922489409', 'patient42@mail.com', 'Area 42', 'Ahmedabad', 'Gujarat', '38002', '100000000042', 'ABHA00042', 164.00, 70.00, '9415933049', '2025-02-12', NULL),
(43, 'HC00043', 'Parth', 'Mehta', 'F', '2002-10-12', 'AB-', '9981259135', 'patient43@mail.com', 'Area 43', 'Junagadh', 'Gujarat', '38003', '100000000043', 'ABHA00043', 177.00, 92.00, '9469106688', '2025-02-13', NULL),
(44, 'HC00044', 'Vivek', 'Rao', 'F', '2004-08-09', 'O+', '9940942292', 'patient44@mail.com', 'Area 44', 'Bhavnagar', 'Gujarat', '38004', '100000000044', 'ABHA00044', 162.00, 65.00, '9229553265', '2025-02-14', NULL),
(45, 'HC00045', 'Dhruv', 'Brahmbhatt', 'M', '1972-04-24', 'AB-', '9989133014', 'patient45@mail.com', 'Area 45', 'Bhavnagar', 'Gujarat', '38005', '100000000045', 'ABHA00045', 183.00, 83.00, '9916267011', '2025-02-15', NULL),
(46, 'HC00046', 'Isha', 'Joshi', 'M', '1978-04-12', 'B+', '9911898961', 'patient46@mail.com', 'Area 46', 'Bhavnagar', 'Gujarat', '38006', '100000000046', 'ABHA00046', 184.00, 53.00, '9860229059', '2025-02-16', NULL),
(47, 'HC00047', 'Jinal', 'Shah', 'M', '1995-05-23', 'B+', '9923769080', 'patient47@mail.com', 'Area 47', 'Anand', 'Gujarat', '38007', '100000000047', 'ABHA00047', 168.00, 75.00, '9113169872', '2025-02-17', NULL),
(48, 'HC00048', 'Pooja', 'Soni', 'F', '1971-01-09', 'AB-', '9918770247', 'patient48@mail.com', 'Area 48', 'Surat', 'Gujarat', '38008', '100000000048', 'ABHA00048', 181.00, 49.00, '9530256336', '2025-02-18', NULL),
(49, 'HC00049', 'Anaya', 'Shah', 'M', '1969-10-10', 'A-', '9925898299', 'patient49@mail.com', 'Area 49', 'Rajkot', 'Gujarat', '38009', '100000000049', 'ABHA00049', 176.00, 83.00, '9699226355', '2025-02-19', NULL),
(50, 'HC00050', 'Kavya', 'Choksi', 'M', '2009-09-13', 'AB-', '9949910061', 'patient50@mail.com', 'Area 50', 'Anand', 'Gujarat', '38000', '100000000050', 'ABHA00050', 177.00, 64.00, '9731924051', '2025-02-20', NULL),
(51, 'HC00051', 'Anaya', 'Choksi', 'M', '1999-12-04', 'B-', '9945520201', 'patient51@mail.com', 'Area 51', 'Rajkot', 'Gujarat', '38001', '100000000051', 'ABHA00051', 155.00, 55.00, '9809129316', '2025-02-21', NULL),
(52, 'HC00052', 'Nirali', 'Vora', 'M', '1970-01-14', 'AB-', '9973070585', 'patient52@mail.com', 'Area 52', 'Mehsana', 'Gujarat', '38002', '100000000052', 'ABHA00052', 152.00, 59.00, '9412737284', '2025-02-22', NULL),
(53, 'HC00053', 'Isha', 'Modi', 'F', '1964-11-08', 'O+', '9998742485', 'patient53@mail.com', 'Area 53', 'Mehsana', 'Gujarat', '38003', '100000000053', 'ABHA00053', 162.00, 72.00, '9963187150', '2025-02-23', NULL),
(54, 'HC00054', 'Dhruv', 'Brahmbhatt', 'M', '2001-03-09', 'B+', '9918004482', 'patient54@mail.com', 'Area 54', 'Surat', 'Gujarat', '38004', '100000000054', 'ABHA00054', 169.00, 83.00, '9278158234', '2025-02-24', NULL),
(55, 'HC00055', 'Reva', 'Thakkar', 'F', '1988-02-15', 'O+', '9946540265', 'patient55@mail.com', 'Area 55', 'Gandhinagar', 'Gujarat', '38005', '100000000055', 'ABHA00055', 184.00, 76.00, '9637377910', '2025-02-25', NULL),
(56, 'HC00056', 'Neha', 'Desai', 'M', '2016-07-24', 'O-', '9943603811', 'patient56@mail.com', 'Area 56', 'Mehsana', 'Gujarat', '38006', '100000000056', 'ABHA00056', 155.00, 59.00, '9127772220', '2025-02-26', NULL),
(57, 'HC00057', 'Yash', 'Thakkar', 'M', '2008-11-27', 'O+', '9915399803', 'patient57@mail.com', 'Area 57', 'Mehsana', 'Gujarat', '38007', '100000000057', 'ABHA00057', 161.00, 75.00, '9919382051', '2025-02-27', NULL),
(58, 'HC00058', 'Rohan', 'Soni', 'F', '1971-10-14', 'AB-', '9973083727', 'patient58@mail.com', 'Area 58', 'Surat', 'Gujarat', '38008', '100000000058', 'ABHA00058', 176.00, 66.00, '9473620340', '2025-02-28', NULL),
(59, 'HC00059', 'Manan', 'Joshi', 'M', '1981-07-23', 'AB-', '9998930456', 'patient59@mail.com', 'Area 59', 'Bhavnagar', 'Gujarat', '38009', '100000000059', 'ABHA00059', 185.00, 47.00, '9529982328', '2025-03-01', NULL),
(60, 'HC00060', 'Neha', 'Desai', 'F', '1976-06-04', 'AB+', '9910154493', 'patient60@mail.com', 'Area 60', 'Junagadh', 'Gujarat', '38000', '100000000060', 'ABHA00060', 184.00, 74.00, '9806157458', '2025-03-02', NULL),
(61, 'HC00061', 'Kunal', 'Shah', 'M', '1993-06-20', 'AB-', '9916927215', 'patient61@mail.com', 'Area 61', 'Anand', 'Gujarat', '38001', '100000000061', 'ABHA00061', 167.00, 80.00, '9318568997', '2025-03-03', NULL),
(62, 'HC00062', 'Dev', 'Modi', 'F', '2016-12-16', 'A-', '9994560158', 'patient62@mail.com', 'Area 62', 'Ahmedabad', 'Gujarat', '38002', '100000000062', 'ABHA00062', 165.00, 90.00, '9753770973', '2025-03-04', NULL),
(63, 'HC00063', 'Krisha', 'Modi', 'M', '1995-07-03', 'B-', '9971934487', 'patient63@mail.com', 'Area 63', 'Surat', 'Gujarat', '38003', '100000000063', 'ABHA00063', 159.00, 76.00, '9226128312', '2025-03-05', NULL),
(64, 'HC00064', 'Hetvi', 'Modi', 'F', '1986-08-16', 'B-', '9983989546', 'patient64@mail.com', 'Area 64', 'Anand', 'Gujarat', '38004', '100000000064', 'ABHA00064', 174.00, 57.00, '9255308128', '2025-03-06', NULL),
(65, 'HC00065', 'Hetvi', 'Choksi', 'M', '2015-02-09', 'AB+', '9978147397', 'patient65@mail.com', 'Area 65', 'Jamnagar', 'Gujarat', '38005', '100000000065', 'ABHA00065', 150.00, 63.00, '9386874458', '2025-03-07', NULL),
(66, 'HC00066', 'Reva', 'Modi', 'F', '2015-03-15', 'AB-', '9954619335', 'patient66@mail.com', 'Area 66', 'Jamnagar', 'Gujarat', '38006', '100000000066', 'ABHA00066', 184.00, 69.00, '9692616814', '2025-03-08', NULL),
(67, 'HC00067', 'Neha', 'Rao', 'M', '2004-04-19', 'AB+', '9965133300', 'patient67@mail.com', 'Area 67', 'Rajkot', 'Gujarat', '38007', '100000000067', 'ABHA00067', 170.00, 92.00, '9146865930', '2025-03-09', NULL),
(68, 'HC00068', 'Pooja', 'Amin', 'F', '2002-11-05', 'AB-', '9926944487', 'patient68@mail.com', 'Area 68', 'Ahmedabad', 'Gujarat', '38008', '100000000068', 'ABHA00068', 171.00, 51.00, '9639331014', '2025-03-10', NULL),
(69, 'HC00069', 'Nisarg', 'Soni', 'M', '1993-08-01', 'B+', '9997883261', 'patient69@mail.com', 'Area 69', 'Gandhinagar', 'Gujarat', '38009', '100000000069', 'ABHA00069', 154.00, 75.00, '9265744099', '2025-03-11', NULL),
(70, 'HC00070', 'Soham', 'Bhatt', 'F', '1999-12-13', 'A-', '9981621574', 'patient70@mail.com', 'Area 70', 'Jamnagar', 'Gujarat', '38000', '100000000070', 'ABHA00070', 170.00, 85.00, '9508031980', '2025-03-12', NULL),
(71, 'HC00071', 'Parth', 'Dave', 'M', '1999-02-08', 'O+', '9922130508', 'patient71@mail.com', 'Area 71', 'Rajkot', 'Gujarat', '38001', '100000000071', 'ABHA00071', 156.00, 93.00, '9565973314', '2025-03-13', NULL),
(72, 'HC00072', 'Mihir', 'Joshi', 'F', '1970-12-10', 'A+', '9953536830', 'patient72@mail.com', 'Area 72', 'Ahmedabad', 'Gujarat', '38002', '100000000072', 'ABHA00072', 153.00, 63.00, '9954852540', '2025-03-14', NULL),
(73, 'HC00073', 'Harsh', 'Kapadia', 'F', '1969-04-17', 'AB+', '9934166826', 'patient73@mail.com', 'Area 73', 'Mehsana', 'Gujarat', '38003', '100000000073', 'ABHA00073', 161.00, 50.00, '9282518553', '2025-03-15', NULL),
(74, 'HC00074', 'Kavya', 'Amin', 'M', '1991-10-05', 'B-', '9995618110', 'patient74@mail.com', 'Area 74', 'Anand', 'Gujarat', '38004', '100000000074', 'ABHA00074', 179.00, 61.00, '9372706093', '2025-03-16', NULL),
(75, 'HC00075', 'Yash', 'Patel', 'F', '2017-05-22', 'B+', '9969287967', 'patient75@mail.com', 'Area 75', 'Surat', 'Gujarat', '38005', '100000000075', 'ABHA00075', 169.00, 85.00, '9471048258', '2025-03-17', NULL),
(76, 'HC00076', 'Kunal', 'Bhatt', 'F', '2014-05-07', 'AB+', '9924314759', 'patient76@mail.com', 'Area 76', 'Anand', 'Gujarat', '38006', '100000000076', 'ABHA00076', 174.00, 81.00, '9354697684', '2025-03-18', NULL),
(77, 'HC00077', 'Harsh', 'Thakkar', 'F', '2004-05-01', 'AB+', '9911086890', 'patient77@mail.com', 'Area 77', 'Bhavnagar', 'Gujarat', '38007', '100000000077', 'ABHA00077', 153.00, 83.00, '9707661655', '2025-03-19', NULL),
(78, 'HC00078', 'Reva', 'Dave', 'F', '2009-04-20', 'O-', '9995445405', 'patient78@mail.com', 'Area 78', 'Rajkot', 'Gujarat', '38008', '100000000078', 'ABHA00078', 166.00, 88.00, '9304152670', '2025-03-20', NULL),
(79, 'HC00079', 'Mitali', 'Trivedi', 'M', '2017-11-21', 'A+', '9969166287', 'patient79@mail.com', 'Area 79', 'Bhavnagar', 'Gujarat', '38009', '100000000079', 'ABHA00079', 173.00, 91.00, '9135824891', '2025-03-21', NULL),
(80, 'HC00080', 'Dev', 'Desai', 'F', '1980-12-14', 'B+', '9927738187', 'patient80@mail.com', 'Area 80', 'Rajkot', 'Gujarat', '38000', '100000000080', 'ABHA00080', 184.00, 68.00, '9944511703', '2025-03-22', NULL),
(81, 'HC00081', 'Kinjal', 'Barot', 'O', '1998-04-22', 'B-', '9306338733', 'patient81@mail.com', '714, Rajmahal Road', 'Patan', 'Gujarat', '384265', '100000000081', 'ABHA00081', 158.00, 51.00, '9496963502', '2025-08-09', NULL),
(82, 'HC00082', 'Vidhi', 'Gandhi', 'O', '1978-11-29', 'AB-', '9465797626', 'patient82@mail.com', '689, Link Road', 'Bharuch', 'Gujarat', '392001', '100000000082', 'ABHA00082', 159.00, 85.00, '9109674857', '2025-07-16', NULL),
(83, 'HC00083', 'Dhruvi', 'Parikh', 'F', '1963-03-29', 'A+', '9888728645', 'patient83@mail.com', '821, Yagnik Road', 'Rajkot', 'Gujarat', '360002', '100000000083', 'ABHA00083', 166.00, 72.00, '9537488494', '2025-03-23', NULL),
(84, 'HC00084', 'Yashvi', 'Vora', 'O', '1990-05-18', 'O+', '9782742472', 'patient84@mail.com', '142, Zadeshwar Road', 'Bharuch', 'Gujarat', '392001', '100000000084', 'ABHA00084', 152.00, 64.00, '9124340837', '2025-12-23', NULL),
(85, 'HC00085', 'Chirag', 'Suthar', 'M', '2018-09-08', 'AB+', '9492388577', 'patient85@mail.com', '280, Patel Colony', 'Jamnagar', 'Gujarat', '361001', '100000000085', 'ABHA00085', 165.00, 46.00, '9364141603', '2025-10-16', NULL),
(86, 'HC00086', 'Aryan', 'Mehta', 'O', '2007-08-31', 'AB+', '9140323737', 'patient86@mail.com', '482, Rajmahal Road', 'Patan', 'Gujarat', '384265', '100000000086', 'ABHA00086', 146.00, 72.00, '9936767910', '2025-03-20', NULL),
(87, 'HC00087', 'Kush', 'Vora', 'M', '2010-01-22', 'A-', '9526716718', 'patient87@mail.com', '952, Vidyanagar Road', 'Anand', 'Gujarat', '388001', '100000000087', 'ABHA00087', 159.00, 79.00, '9937066178', '2025-11-04', NULL),
(88, 'HC00088', 'Manthan', 'Thakkar', 'M', '2020-03-19', 'A+', '9343538819', 'patient88@mail.com', '181, MG Road', 'Porbandar', 'Gujarat', '360575', '100000000088', 'ABHA00088', 178.00, 93.00, '9285447288', '2025-02-14', NULL),
(89, 'HC00089', 'Drashti', 'Rathod', 'F', '1971-11-17', 'AB-', '9563434322', 'patient89@mail.com', '530, Mahavir Circle', 'Junagadh', 'Gujarat', '362001', '100000000089', 'ABHA00089', 188.00, 49.00, '9747664702', '2025-12-21', NULL),
(90, 'HC00090', 'Raj', 'Modi', 'M', '2002-03-05', 'O-', '9454737221', 'patient90@mail.com', '761, Highway Road', 'Mehsana', 'Gujarat', '384001', '100000000090', 'ABHA00090', 169.00, 83.00, '9124795211', '2025-04-27', NULL),
(91, 'HC00091', 'Riya', 'Chauhan', 'F', '1951-04-09', 'B+', '9295618485', 'patient91@mail.com', '349, Halar Road', 'Valsad', 'Gujarat', '396001', '100000000091', 'ABHA00091', 153.00, 48.00, '9948406015', '2025-06-05', NULL),
(92, 'HC00092', 'Om', 'Desai', 'M', '2000-01-25', 'AB+', '9672544893', 'patient92@mail.com', '971, Katargam', 'Surat', 'Gujarat', '395001', '100000000092', 'ABHA00092', 179.00, 76.00, '9202514640', '2025-05-28', NULL),
(93, 'HC00093', 'Nirav', 'Amin', 'O', '1990-09-25', 'A-', '9697669456', 'patient93@mail.com', '62, Zanzarda Road', 'Junagadh', 'Gujarat', '362001', '100000000093', 'ABHA00093', 152.00, 60.00, '9752166954', '2025-02-11', NULL),
(94, 'HC00094', 'Dhruv', 'Suthar', 'O', '1988-10-04', 'O-', '9602685078', 'patient94@mail.com', '482, City Light', 'Surat', 'Gujarat', '395003', '100000000094', 'ABHA00094', 168.00, 67.00, '9294894431', '2025-03-24', NULL),
(95, 'HC00095', 'Foram', 'Amin', 'F', '1994-06-14', 'O+', '9647002178', 'patient95@mail.com', '424, Ellisbridge', 'Ahmedabad', 'Gujarat', '380061', '100000000095', 'ABHA00095', 147.00, 71.00, '9644021284', '2025-01-15', NULL),
(96, 'HC00096', 'Vidhi', 'Barot', 'O', '1971-06-21', 'B+', '9304281961', 'patient96@mail.com', '426, Station Road', 'Anand', 'Gujarat', '388001', '100000000096', 'ABHA00096', 183.00, 94.00, '9253958827', '2025-08-01', NULL),
(97, 'HC00097', 'Kinjal', 'Barot', 'F', '1995-07-21', 'O+', '9822594153', 'patient97@mail.com', '891, College Road', 'Nadiad', 'Gujarat', '387001', '100000000097', 'ABHA00097', 153.00, 80.00, '9527077836', '2025-11-30', NULL),
(98, 'HC00098', 'Krish', 'Shah', 'M', '1961-04-29', 'O-', '9884547461', 'patient98@mail.com', '639, Halar Road', 'Valsad', 'Gujarat', '396001', '100000000098', 'ABHA00098', 176.00, 77.00, '9888337780', '2025-02-05', NULL),
(99, 'HC00099', 'Kartik', 'Modi', 'M', '1975-10-13', 'B-', '9740684690', 'patient99@mail.com', '384, Athwa', 'Surat', 'Gujarat', '395007', '100000000099', 'ABHA00099', 164.00, 57.00, '9461163645', '2025-04-29', NULL),
(100, 'HC00100', 'Priya', 'Rana', 'F', '1991-03-26', 'O+', '9684250992', 'patient100@mail.com', '866, Rajmahal Road', 'Patan', 'Gujarat', '384265', '100000000100', 'ABHA00100', 159.00, 95.00, '9813326083', '2025-01-05', NULL),
(101, 'HC00101', 'Yashvi', 'Modi', 'O', '2019-10-29', 'A+', '9978972821', 'patient101@mail.com', '644, Mahavir Circle', 'Junagadh', 'Gujarat', '362001', '100000000101', 'ABHA00101', 149.00, 76.00, '9070319342', '2025-10-04', NULL),
(102, 'HC00102', 'Krupa', 'Choksi', 'F', '1974-06-14', 'B+', '9284873191', 'patient102@mail.com', '991, Digjam Circle', 'Jamnagar', 'Gujarat', '361008', '100000000102', 'ABHA00102', 183.00, 73.00, '9032137236', '2025-07-10', NULL),
(103, 'HC00103', 'Aditya', 'Parikh', 'M', '1992-04-19', 'A+', '9693666476', 'patient103@mail.com', '969, University Road', 'Rajkot', 'Gujarat', '360001', '100000000103', 'ABHA00103', 147.00, 95.00, '9125339655', '2025-03-21', NULL),
(104, 'HC00104', 'Priya', 'Desai', 'F', '1993-11-25', 'AB+', '9926242393', 'patient104@mail.com', '283, Station Road', 'Navsari', 'Gujarat', '396445', '100000000104', 'ABHA00104', 154.00, 51.00, '9846650721', '2025-10-17', NULL),
(105, 'HC00105', 'Dhruv', 'Raval', 'M', '2018-08-24', 'B-', '9582775299', 'patient105@mail.com', '677, Zanzarda Road', 'Junagadh', 'Gujarat', '362001', '100000000105', 'ABHA00105', 184.00, 52.00, '9375021410', '2025-08-18', NULL),
(106, 'HC00106', 'Krupa', 'Thakkar', 'F', '1959-10-14', 'AB-', '9590785490', 'patient106@mail.com', '703, Halar Road', 'Valsad', 'Gujarat', '396001', '100000000106', 'ABHA00106', 150.00, 81.00, '9483116573', '2025-11-02', NULL),
(107, 'HC00107', 'Nirav', 'Rathod', 'O', '1995-05-10', 'AB+', '9078677242', 'patient107@mail.com', '426, Zadeshwar Road', 'Bharuch', 'Gujarat', '392002', '100000000107', 'ABHA00107', 178.00, 61.00, '9329640047', '2025-07-10', NULL),
(108, 'HC00108', 'Deven', 'Shah', 'M', '2002-08-13', 'O-', '9648949023', 'patient108@mail.com', '159, Gondal Road', 'Rajkot', 'Gujarat', '360002', '100000000108', 'ABHA00108', 175.00, 56.00, '9183758898', '2025-11-11', NULL),
(109, 'HC00109', 'Charmi', 'Kapadia', 'O', '1952-05-10', 'O+', '9027931160', 'patient109@mail.com', '386, Satellite', 'Ahmedabad', 'Gujarat', '380013', '100000000109', 'ABHA00109', 164.00, 62.00, '9377500166', '2025-05-20', NULL),
(110, 'HC00110', 'Rashi', 'Gohil', 'F', '1993-07-28', 'AB-', '9425316553', 'patient110@mail.com', '8, Patel Colony', 'Jamnagar', 'Gujarat', '361001', '100000000110', 'ABHA00110', 154.00, 92.00, '9772144152', '2025-10-14', NULL),
(111, 'HC00111', 'Rashi', 'Vaghela', 'O', '1956-06-19', 'AB+', '9800985574', 'patient111@mail.com', '990, Yagnik Road', 'Rajkot', 'Gujarat', '360001', '100000000111', 'ABHA00111', 160.00, 85.00, '9689082553', '2025-06-08', NULL),
(112, 'HC00112', 'Aditya', 'Parikh', 'O', '1979-11-18', 'B+', '9065173961', 'patient112@mail.com', '203, University Road', 'Rajkot', 'Gujarat', '360005', '100000000112', 'ABHA00112', 153.00, 53.00, '9709645568', '2025-11-26', NULL),
(113, 'HC00113', 'Zara', 'Solanki', 'O', '2006-04-09', 'O-', '9104320534', 'patient113@mail.com', '79, Athwa', 'Surat', 'Gujarat', '395007', '100000000113', 'ABHA00113', 174.00, 94.00, '9053597095', '2025-04-07', NULL),
(114, 'HC00114', 'Palak', 'Vora', 'F', '1994-12-24', 'B+', '9948890607', 'patient114@mail.com', '382, MG Road', 'Porbandar', 'Gujarat', '360575', '100000000114', 'ABHA00114', 186.00, 64.00, '9760633532', '2025-12-03', NULL),
(115, 'HC00115', 'Yashvi', 'Trivedi', 'O', '1979-11-28', 'A-', '9513963593', 'patient115@mail.com', '687, College Road', 'Nadiad', 'Gujarat', '387001', '100000000115', 'ABHA00115', 177.00, 92.00, '9990650393', '2025-09-06', NULL),
(116, 'HC00116', 'Om', 'Trivedi', 'M', '1963-11-26', 'A-', '9275575686', 'patient116@mail.com', '186, Santram Road', 'Nadiad', 'Gujarat', '387001', '100000000116', 'ABHA00116', 182.00, 84.00, '9814462427', '2025-08-18', NULL),
(117, 'HC00117', 'Deven', 'Parikh', 'M', '1977-10-06', 'AB-', '9916547754', 'patient117@mail.com', '894, Sector 11', 'Gandhinagar', 'Gujarat', '382010', '100000000117', 'ABHA00117', 156.00, 77.00, '9851882729', '2025-03-17', NULL),
(118, 'HC00118', 'Isha', 'Prajapati', 'F', '1969-12-02', 'AB-', '9894333023', 'patient118@mail.com', '141, Race Course', 'Rajkot', 'Gujarat', '360002', '100000000118', 'ABHA00118', 147.00, 91.00, '9487469021', '2025-11-08', NULL),
(119, 'HC00119', 'Chirag', 'Desai', 'O', '2019-08-20', 'O+', '9212660845', 'patient119@mail.com', '299, GIDC Char Rasta', 'Vapi', 'Gujarat', '396191', '100000000119', 'ABHA00119', 164.00, 76.00, '9246090559', '2025-10-11', NULL),
(120, 'HC00120', 'Vivaan', 'Purohit', 'M', '1992-03-06', 'A+', '9692073767', 'patient120@mail.com', '361, Link Road', 'Bharuch', 'Gujarat', '392001', '100000000120', 'ABHA00120', 170.00, 86.00, '9174668074', '2025-05-31', NULL),
(121, 'HC00121', 'Aryan', 'Barot', 'M', '1967-11-24', 'A+', '9333840628', 'patient121@mail.com', '280, City Light', 'Surat', 'Gujarat', '395007', '100000000121', 'ABHA00121', 151.00, 63.00, '9878394495', '2025-02-12', NULL),
(122, 'HC00122', 'Chirag', 'Mehta', 'O', '1988-08-19', 'B+', '9530636463', 'patient122@mail.com', '630, Varachha', 'Surat', 'Gujarat', '395007', '100000000122', 'ABHA00122', 190.00, 59.00, '9990638691', '2025-11-08', NULL),
(123, 'HC00123', 'Priya', 'Rathod', 'O', '1953-02-14', 'B+', '9073356693', 'patient123@mail.com', '543, Gotri', 'Vadodara', 'Gujarat', '390007', '100000000123', 'ABHA00123', 162.00, 61.00, '9290159177', '2025-04-20', NULL),
(124, 'HC00124', 'Nirav', 'Amin', 'O', '1994-01-25', 'B-', '9184840683', 'patient124@mail.com', '913, Station Road', 'Navsari', 'Gujarat', '396445', '100000000124', 'ABHA00124', 158.00, 53.00, '9771329724', '2025-07-04', NULL),
(125, 'HC00125', 'Saanvi', 'Vaghela', 'O', '1991-12-07', 'B+', '9603975780', 'patient125@mail.com', '478, Link Road', 'Bharuch', 'Gujarat', '392002', '100000000125', 'ABHA00125', 176.00, 62.00, '9876194901', '2025-03-20', NULL),
(126, 'HC00126', 'Riya', 'Joshi', 'F', '1978-12-12', 'B-', '9398826513', 'patient126@mail.com', '607, Gotri', 'Vadodara', 'Gujarat', '390007', '100000000126', 'ABHA00126', 187.00, 53.00, '9676858006', '2025-10-23', NULL),
(127, 'HC00127', 'Priya', 'Bhatt', 'F', '2018-10-22', 'AB+', '9608563284', 'patient127@mail.com', '162, MG Road', 'Porbandar', 'Gujarat', '360575', '100000000127', 'ABHA00127', 165.00, 69.00, '9263778913', '2025-10-15', NULL),
(128, 'HC00128', 'Rudra', 'Parikh', 'M', '1991-11-07', 'A-', '9220236281', 'patient128@mail.com', '782, Zadeshwar Road', 'Bharuch', 'Gujarat', '392001', '100000000128', 'ABHA00128', 152.00, 95.00, '9484034250', '2025-05-25', NULL),
(129, 'HC00129', 'Palak', 'Suthar', 'F', '2008-09-11', 'AB-', '9201123400', 'patient129@mail.com', '76, Highway Road', 'Mehsana', 'Gujarat', '384002', '100000000129', 'ABHA00129', 162.00, 68.00, '9586610395', '2025-07-07', NULL),
(130, 'HC00130', 'Neel', 'Pandya', 'M', '1995-09-04', 'AB+', '9501344653', 'patient130@mail.com', '632, Link Road', 'Bharuch', 'Gujarat', '392002', '100000000130', 'ABHA00130', 178.00, 60.00, '9385728369', '2025-10-26', NULL),
(131, 'HC00131', 'Yashvi', 'Suthar', 'F', '2015-01-27', 'A+', '9526952045', 'patient131@mail.com', '33, Santram Road', 'Nadiad', 'Gujarat', '387001', '100000000131', 'ABHA00131', 171.00, 80.00, '9144425648', '2025-02-01', NULL),
(132, 'HC00132', 'Parth', 'Choksi', 'O', '1968-08-08', 'O-', '9943945568', 'patient132@mail.com', '197, Mahavir Circle', 'Junagadh', 'Gujarat', '362002', '100000000132', 'ABHA00132', 188.00, 59.00, '9299776445', '2025-05-21', NULL),
(133, 'HC00133', 'Kavya', 'Thakkar', 'F', '2010-09-14', 'AB+', '9833710909', 'patient133@mail.com', '220, Mahavir Circle', 'Junagadh', 'Gujarat', '362002', '100000000133', 'ABHA00133', 154.00, 72.00, '9961652656', '2025-01-27', NULL),
(134, 'HC00134', 'Yash', 'Solanki', 'M', '2014-05-11', 'AB-', '9170594984', 'patient134@mail.com', '293, Highway Road', 'Mehsana', 'Gujarat', '384002', '100000000134', 'ABHA00134', 174.00, 90.00, '9055799181', '2025-01-19', NULL),
(135, 'HC00135', 'Yashvi', 'Vora', 'F', '1966-09-19', 'O+', '9805192954', 'patient135@mail.com', '198, Nari Road', 'Bhavnagar', 'Gujarat', '364002', '100000000135', 'ABHA00135', 181.00, 62.00, '9767032616', '2025-11-24', NULL),
(136, 'HC00136', 'Aashka', 'Gohil', 'F', '1996-03-24', 'O-', '9061132227', 'patient136@mail.com', '268, Zadeshwar Road', 'Bharuch', 'Gujarat', '392001', '100000000136', 'ABHA00136', 174.00, 80.00, '9013458731', '2025-06-01', NULL),
(137, 'HC00137', 'Palak', 'Parikh', 'F', '1969-08-29', 'B+', '9449379788', 'patient137@mail.com', '539, Digjam Circle', 'Jamnagar', 'Gujarat', '361001', '100000000137', 'ABHA00137', 165.00, 80.00, '9050555135', '2025-03-01', NULL),
(138, 'HC00138', 'Yash', 'Amin', 'O', '2002-04-26', 'AB-', '9058454048', 'patient138@mail.com', '837, Naranpura', 'Ahmedabad', 'Gujarat', '380015', '100000000138', 'ABHA00138', 145.00, 56.00, '9047508942', '2025-04-03', NULL),
(139, 'HC00139', 'Karan', 'Gandhi', 'M', '2015-06-06', 'AB+', '9384930981', 'patient139@mail.com', '551, Station Road', 'Navsari', 'Gujarat', '396445', '100000000139', 'ABHA00139', 163.00, 51.00, '9987947432', '2025-08-24', NULL),
(140, 'HC00140', 'Myra', 'Rana', 'F', '1966-11-29', 'A-', '9066982054', 'patient140@mail.com', '412, Vesu', 'Surat', 'Gujarat', '395001', '100000000140', 'ABHA00140', 165.00, 72.00, '9771929557', '2025-06-14', NULL),
(141, 'HC00141', 'Raj', 'Suthar', 'M', '1962-11-08', 'B-', '9425571650', 'patient141@mail.com', '714, Lunsikui', 'Navsari', 'Gujarat', '396445', '100000000141', 'ABHA00141', 164.00, 52.00, '9374837895', '2025-08-02', NULL),
(142, 'HC00142', 'Kavya', 'Trivedi', 'O', '1984-11-05', 'B-', '9230435803', 'patient142@mail.com', '193, City Light', 'Surat', 'Gujarat', '395001', '100000000142', 'ABHA00142', 181.00, 74.00, '9622939217', '2025-09-03', NULL),
(143, 'HC00143', 'Vansh', 'Pandya', 'M', '2013-02-20', 'B-', '9323246338', 'patient143@mail.com', '780, MG Road', 'Porbandar', 'Gujarat', '360575', '100000000143', 'ABHA00143', 183.00, 91.00, '9345212954', '2025-03-20', NULL),
(144, 'HC00144', 'Rudra', 'Parikh', 'M', '1984-01-29', 'B-', '9466289641', 'patient144@mail.com', '738, Station Road', 'Navsari', 'Gujarat', '396445', '100000000144', 'ABHA00144', 170.00, 54.00, '9899580800', '2025-03-12', NULL),
(145, 'HC00145', 'Jay', 'Mehta', 'O', '2013-06-11', 'B+', '9053666440', 'patient145@mail.com', '543, Sidhpur Road', 'Patan', 'Gujarat', '384265', '100000000145', 'ABHA00145', 177.00, 72.00, '9256491952', '2025-11-14', NULL),
(146, 'HC00146', 'Vraj', 'Raval', 'O', '1981-10-19', 'O+', '9709426280', 'patient146@mail.com', '389, Adajan', 'Surat', 'Gujarat', '395009', '100000000146', 'ABHA00146', 162.00, 69.00, '9670863998', '2025-01-22', NULL),
(147, 'HC00147', 'Neel', 'Suthar', 'M', '2012-02-09', 'AB-', '9296256180', 'patient147@mail.com', '771, Radhanpur Road', 'Mehsana', 'Gujarat', '384001', '100000000147', 'ABHA00147', 182.00, 86.00, '9925586537', '2025-12-19', NULL),
(148, 'HC00148', 'Meet', 'Choksi', 'O', '2016-11-17', 'O-', '9048379370', 'patient148@mail.com', '234, Girnar Taleti', 'Junagadh', 'Gujarat', '362002', '100000000148', 'ABHA00148', 161.00, 92.00, '9466067701', '2025-11-21', NULL),
(149, 'HC00149', 'Reyansh', 'Zala', 'M', '1978-05-30', 'O-', '9103321145', 'patient149@mail.com', '92, Sidhpur Road', 'Patan', 'Gujarat', '384265', '100000000149', 'ABHA00149', 161.00, 50.00, '9533230999', '2025-10-20', NULL),
(150, 'HC00150', 'Rudra', 'Modi', 'O', '1984-02-27', 'B+', '9134044402', 'patient150@mail.com', '609, Digjam Circle', 'Jamnagar', 'Gujarat', '361008', '100000000150', 'ABHA00150', 173.00, 68.00, '9103838448', '2025-11-30', NULL);

--
-- Triggers `patients`
--
DELIMITER $$
CREATE TRIGGER `trg_generate_health_id` BEFORE INSERT ON `patients` FOR EACH ROW BEGIN
    SET NEW.health_id = IFNULL(NEW.health_id, CONCAT('HC', LPAD(FLOOR(RAND() * 100000), 5, '0')));
END
$$
DELIMITER ;

-- --------------------------------------------------------

--
-- Table structure for table `payments`
--

CREATE TABLE `payments` (
  `payment_id` int(11) NOT NULL,
  `patient_id` int(11) NOT NULL,
  `appointment_id` int(11) NOT NULL,
  `amount` decimal(10,2) NOT NULL,
  `payment_mode` enum('Cash','Card','UPI') NOT NULL,
  `status` enum('Paid','Pending','Refunded') DEFAULT 'Pending',
  `date` date DEFAULT NULL
) ENGINE=InnoDB DEFAULT CHARSET=utf8mb4 COLLATE=utf8mb4_general_ci;

--
-- Dumping data for table `payments`
--

INSERT INTO `payments` (`payment_id`, `patient_id`, `appointment_id`, `amount`, `payment_mode`, `status`, `date`) VALUES
(1, 70, 1, 1775.87, 'Card', 'Paid', '2025-07-31'),
(2, 16, 2, 1335.80, 'Card', 'Pending', '2025-07-11'),
(3, 59, 3, 397.15, 'UPI', 'Refunded', '2025-07-06'),
(4, 39, 4, 2688.69, 'Card', 'Pending', '2025-07-06'),
(5, 18, 5, 1143.64, 'Cash', 'Pending', '2025-07-13'),
(6, 73, 6, 2122.57, 'UPI', 'Refunded', '2025-07-22'),
(7, 70, 7, 1844.97, 'Cash', 'Refunded', '2025-07-16'),
(8, 65, 8, 450.49, 'UPI', 'Pending', '2025-07-09'),
(9, 49, 9, 1965.74, 'Card', 'Pending', '2025-07-12'),
(10, 8, 10, 376.00, 'Card', 'Paid', '2025-07-02'),
(11, 45, 11, 2485.79, 'UPI', 'Paid', '2025-07-19'),
(12, 44, 12, 1327.55, 'Card', 'Pending', '2025-07-14'),
(13, 53, 13, 1248.43, 'Cash', 'Paid', '2025-07-22'),
(14, 31, 14, 2049.82, 'UPI', 'Paid', '2025-07-19'),
(15, 9, 15, 2646.14, 'Cash', 'Pending', '2025-07-04'),
(16, 3, 16, 1753.73, 'UPI', 'Pending', '2025-07-02'),
(17, 55, 17, 1833.73, 'Card', 'Pending', '2025-07-29'),
(18, 3, 18, 2179.09, 'Card', 'Paid', '2025-07-19'),
(19, 49, 19, 1839.95, 'Cash', 'Refunded', '2025-07-11'),
(20, 63, 20, 570.15, 'Card', 'Paid', '2025-07-22'),
(21, 64, 21, 1657.48, 'Card', 'Refunded', '2025-07-25'),
(22, 22, 22, 1960.04, 'Cash', 'Pending', '2025-07-12'),
(23, 64, 23, 2015.70, 'UPI', 'Paid', '2025-07-26'),
(24, 28, 24, 1075.86, 'UPI', 'Pending', '2025-07-02'),
(25, 52, 25, 2472.43, 'Cash', 'Refunded', '2025-07-20'),
(26, 75, 26, 555.78, 'Cash', 'Pending', '2025-07-11'),
(27, 73, 27, 2463.20, 'Cash', 'Pending', '2025-07-16'),
(28, 45, 28, 2448.26, 'UPI', 'Pending', '2025-07-21'),
(29, 39, 29, 1468.86, 'Cash', 'Pending', '2025-07-18'),
(30, 54, 30, 1386.21, 'Card', 'Refunded', '2025-07-20'),
(31, 71, 31, 787.62, 'UPI', 'Refunded', '2025-07-01'),
(32, 67, 32, 2629.32, 'Cash', 'Pending', '2025-07-19'),
(33, 60, 33, 1023.43, 'UPI', 'Refunded', '2025-07-21'),
(34, 56, 34, 2823.52, 'Cash', 'Refunded', '2025-07-24'),
(35, 67, 35, 841.75, 'Cash', 'Paid', '2025-07-15'),
(36, 20, 36, 2315.37, 'Card', 'Pending', '2025-07-25'),
(37, 53, 37, 1160.36, 'UPI', 'Paid', '2025-07-27'),
(38, 27, 38, 2584.11, 'UPI', 'Pending', '2025-07-09'),
(39, 21, 39, 992.41, 'Card', 'Paid', '2025-07-20'),
(40, 31, 40, 606.61, 'Cash', 'Paid', '2025-07-07'),
(41, 40, 41, 1553.23, 'Card', 'Pending', '2025-07-18'),
(42, 5, 42, 845.37, 'Cash', 'Paid', '2025-07-09'),
(43, 34, 43, 2432.11, 'UPI', 'Refunded', '2025-07-09'),
(44, 23, 44, 2039.59, 'Card', 'Refunded', '2025-07-02'),
(45, 3, 45, 449.38, 'Card', 'Paid', '2025-07-29'),
(46, 78, 46, 1104.54, 'Card', 'Pending', '2025-07-03'),
(47, 12, 47, 1371.62, 'Cash', 'Refunded', '2025-07-27'),
(48, 31, 48, 602.22, 'Cash', 'Refunded', '2025-07-24'),
(49, 67, 49, 2093.39, 'Card', 'Refunded', '2025-07-19'),
(50, 64, 50, 2688.33, 'Cash', 'Refunded', '2025-07-08'),
(51, 41, 51, 1189.07, 'Card', 'Refunded', '2025-07-19'),
(52, 31, 52, 2825.85, 'Cash', 'Paid', '2025-07-07'),
(53, 23, 53, 878.09, 'Card', 'Pending', '2025-07-09'),
(54, 33, 54, 2629.83, 'UPI', 'Pending', '2025-07-02'),
(55, 48, 55, 2188.97, 'UPI', 'Pending', '2025-07-04'),
(56, 55, 56, 1582.11, 'Cash', 'Pending', '2025-07-08'),
(57, 47, 57, 1583.10, 'Cash', 'Pending', '2025-07-12'),
(58, 78, 58, 393.99, 'Cash', 'Refunded', '2025-07-24'),
(59, 31, 59, 983.05, 'UPI', 'Pending', '2025-07-13'),
(60, 47, 60, 2738.52, 'UPI', 'Paid', '2025-07-22'),
(61, 31, 61, 2615.65, 'Card', 'Paid', '2025-07-13'),
(62, 33, 62, 1112.40, 'Card', 'Paid', '2025-07-30'),
(63, 27, 63, 2620.43, 'UPI', 'Pending', '2025-07-06'),
(64, 41, 64, 2674.56, 'Card', 'Refunded', '2025-07-25'),
(65, 5, 65, 1039.90, 'Card', 'Pending', '2025-07-03'),
(66, 53, 66, 2801.54, 'Card', 'Refunded', '2025-07-11'),
(67, 13, 67, 2525.88, 'UPI', 'Pending', '2025-07-23'),
(68, 9, 68, 1250.01, 'UPI', 'Refunded', '2025-07-20'),
(69, 42, 69, 1523.81, 'UPI', 'Paid', '2025-07-01'),
(70, 24, 70, 2001.42, 'Cash', 'Refunded', '2025-07-26'),
(71, 1, 71, 1381.79, 'Card', 'Paid', '2025-07-21'),
(72, 74, 72, 522.03, 'UPI', 'Paid', '2025-07-06'),
(73, 17, 73, 2586.79, 'Card', 'Pending', '2025-07-22'),
(74, 58, 74, 1591.59, 'Card', 'Paid', '2025-07-24'),
(75, 23, 75, 2156.16, 'Card', 'Pending', '2025-07-27'),
(76, 26, 76, 527.88, 'Card', 'Paid', '2025-07-12'),
(77, 49, 77, 2850.84, 'Cash', 'Refunded', '2025-07-29'),
(78, 3, 78, 2859.89, 'UPI', 'Refunded', '2025-07-30'),
(79, 79, 79, 1991.89, 'Card', 'Paid', '2025-07-30'),
(80, 26, 80, 1006.81, 'Cash', 'Paid', '2025-07-28'),
(81, 52, 81, 1968.61, 'Cash', 'Pending', '2025-07-20'),
(82, 12, 82, 2886.69, 'Cash', 'Refunded', '2025-07-06'),
(83, 2, 83, 2240.18, 'UPI', 'Pending', '2025-07-14'),
(84, 64, 84, 619.98, 'Cash', 'Paid', '2025-07-23'),
(85, 35, 85, 1077.50, 'Cash', 'Pending', '2025-07-16'),
(86, 56, 86, 2612.11, 'Card', 'Paid', '2025-07-20'),
(87, 25, 87, 1429.49, 'Cash', 'Paid', '2025-07-14'),
(88, 38, 88, 2935.55, 'Card', 'Refunded', '2025-07-08'),
(89, 32, 89, 1298.02, 'Card', 'Refunded', '2025-07-22'),
(90, 11, 90, 327.86, 'UPI', 'Pending', '2025-07-05'),
(91, 51, 91, 2154.50, 'UPI', 'Pending', '2025-07-23'),
(92, 55, 92, 2287.48, 'Cash', 'Paid', '2025-07-09'),
(93, 72, 93, 458.63, 'Card', 'Paid', '2025-07-11'),
(94, 46, 94, 2991.20, 'UPI', 'Refunded', '2025-07-31'),
(95, 6, 95, 314.47, 'Card', 'Refunded', '2025-07-17'),
(96, 39, 96, 2939.31, 'Cash', 'Pending', '2025-07-22'),
(97, 72, 97, 411.04, 'Cash', 'Pending', '2025-07-06'),
(98, 65, 98, 1630.67, 'Cash', 'Pending', '2025-07-11'),
(99, 12, 99, 1156.76, 'Cash', 'Pending', '2025-07-17'),
(100, 34, 100, 615.47, 'Card', 'Paid', '2025-07-02'),
(101, 138, 101, 734.56, 'Card', 'Pending', '2025-03-17'),
(102, 122, 102, 1381.26, 'Cash', 'Paid', '2025-03-20'),
(103, 114, 103, 2898.83, 'Card', 'Paid', '2025-08-19'),
(104, 150, 104, 879.36, 'Card', 'Paid', '2025-07-20'),
(105, 14, 105, 1134.78, 'Cash', 'Paid', '2025-08-10'),
(106, 107, 106, 2576.13, 'UPI', 'Paid', '2025-10-11'),
(107, 75, 107, 303.65, 'Card', 'Paid', '2025-10-30'),
(108, 125, 108, 849.34, 'Cash', 'Paid', '2025-08-05'),
(109, 148, 109, 1084.38, 'Cash', 'Paid', '2025-11-28'),
(110, 107, 110, 2689.59, 'Cash', 'Paid', '2025-11-27'),
(111, 89, 111, 1455.31, 'Card', 'Paid', '2025-05-28'),
(112, 50, 112, 1513.87, 'Card', 'Paid', '2025-04-23'),
(113, 87, 113, 2780.86, 'UPI', 'Paid', '2025-03-09'),
(114, 76, 114, 2224.39, 'Card', 'Refunded', '2025-12-11'),
(115, 93, 115, 2428.72, 'Cash', 'Paid', '2025-05-25'),
(116, 23, 116, 2067.76, 'Cash', 'Paid', '2025-03-22'),
(117, 126, 117, 482.53, 'Card', 'Refunded', '2025-09-10'),
(118, 78, 118, 857.21, 'UPI', 'Paid', '2025-01-10'),
(119, 92, 119, 2666.54, 'Card', 'Paid', '2025-03-31'),
(120, 129, 120, 289.52, 'Cash', 'Paid', '2025-02-28'),
(121, 59, 121, 537.93, 'Cash', 'Paid', '2025-06-24'),
(122, 91, 122, 2354.25, 'UPI', 'Paid', '2025-03-19'),
(123, 132, 123, 1892.01, 'Cash', 'Pending', '2025-08-13'),
(124, 118, 124, 2895.41, 'Cash', 'Refunded', '2025-11-09'),
(125, 27, 125, 2506.11, 'Cash', 'Paid', '2025-03-27'),
(126, 31, 126, 2638.43, 'Card', 'Paid', '2025-05-30'),
(127, 114, 127, 2333.50, 'Card', 'Pending', '2025-02-20'),
(128, 40, 128, 2011.86, 'Card', 'Pending', '2025-03-04'),
(129, 52, 129, 1429.50, 'Card', 'Pending', '2025-01-04'),
(130, 63, 130, 2537.48, 'Card', 'Paid', '2025-09-16'),
(131, 44, 131, 438.65, 'Card', 'Pending', '2025-08-01'),
(132, 93, 132, 1962.43, 'Cash', 'Paid', '2025-09-29'),
(133, 108, 133, 2404.20, 'Cash', 'Pending', '2025-07-31'),
(134, 105, 134, 2714.58, 'UPI', 'Pending', '2025-07-05'),
(135, 8, 135, 1439.22, 'Cash', 'Pending', '2025-09-22'),
(136, 18, 136, 437.38, 'Card', 'Paid', '2025-03-26'),
(137, 112, 137, 372.11, 'Cash', 'Paid', '2025-11-25'),
(138, 39, 138, 2727.03, 'Cash', 'Refunded', '2025-12-05'),
(139, 134, 139, 2923.45, 'Card', 'Paid', '2025-12-15'),
(140, 142, 140, 2645.93, 'UPI', 'Pending', '2025-06-26'),
(141, 3, 141, 2515.61, 'UPI', 'Paid', '2025-03-17'),
(142, 104, 142, 1449.33, 'Cash', 'Pending', '2025-11-16'),
(143, 114, 143, 2152.92, 'UPI', 'Paid', '2025-04-12'),
(144, 78, 144, 435.99, 'UPI', 'Paid', '2025-03-06'),
(145, 134, 145, 2977.39, 'Card', 'Paid', '2025-09-19'),
(146, 142, 146, 1074.31, 'Card', 'Pending', '2025-03-23'),
(147, 6, 147, 278.10, 'UPI', 'Paid', '2025-05-04'),
(148, 78, 148, 2234.23, 'UPI', 'Paid', '2025-01-31'),
(149, 96, 149, 927.32, 'UPI', 'Paid', '2025-01-25'),
(150, 32, 150, 1456.46, 'UPI', 'Pending', '2025-08-21'),
(151, 87, 151, 2952.26, 'UPI', 'Refunded', '2025-10-17'),
(152, 137, 152, 2564.59, 'Cash', 'Paid', '2025-05-26'),
(153, 147, 153, 2082.81, 'UPI', 'Paid', '2025-05-07'),
(154, 27, 154, 1117.97, 'UPI', 'Paid', '2025-07-04'),
(155, 117, 155, 474.37, 'UPI', 'Paid', '2025-07-30'),
(156, 21, 156, 458.30, 'Card', 'Pending', '2025-09-01'),
(157, 55, 157, 1449.26, 'Card', 'Paid', '2025-07-26'),
(158, 144, 158, 1653.05, 'Card', 'Pending', '2025-10-27'),
(159, 128, 159, 1982.09, 'Card', 'Paid', '2025-09-08'),
(160, 107, 160, 2506.67, 'Cash', 'Paid', '2025-09-06'),
(161, 118, 161, 562.28, 'UPI', 'Paid', '2025-09-28'),
(162, 31, 162, 2144.52, 'Card', 'Paid', '2025-03-22'),
(163, 144, 163, 1234.13, 'Cash', 'Paid', '2025-07-29'),
(164, 29, 164, 538.43, 'UPI', 'Paid', '2025-09-25'),
(165, 40, 165, 529.68, 'Card', 'Refunded', '2025-06-05'),
(166, 76, 166, 1560.59, 'Cash', 'Paid', '2025-10-29'),
(167, 108, 167, 336.22, 'Card', 'Pending', '2025-04-21'),
(168, 47, 168, 2493.55, 'Card', 'Paid', '2025-10-08'),
(169, 90, 169, 389.18, 'Cash', 'Paid', '2025-10-21'),
(170, 80, 170, 1784.14, 'Card', 'Pending', '2025-09-01'),
(171, 1, 1, 1.00, 'Cash', 'Pending', '2026-07-16');

--
-- Triggers `payments`
--
DELIMITER $$
CREATE TRIGGER `trg_bill_before_insert` BEFORE INSERT ON `payments` FOR EACH ROW BEGIN
    SET NEW.amount = NEW.amount + 0;
END
$$
DELIMITER ;
DELIMITER $$
CREATE TRIGGER `trg_bill_before_update` BEFORE UPDATE ON `payments` FOR EACH ROW BEGIN
    SET NEW.amount = NEW.amount + 0;
END
$$
DELIMITER ;
DELIMITER $$
CREATE TRIGGER `trg_payment_success` AFTER UPDATE ON `payments` FOR EACH ROW BEGIN
    IF NEW.status = 'Paid' THEN
        INSERT INTO audit_log(user_id, operation, table_name) VALUES (1, 'UPDATE', 'payments');
    END IF;
END
$$
DELIMITER ;

-- --------------------------------------------------------

--
-- Table structure for table `pharmacy`
--

CREATE TABLE `pharmacy` (
  `medicine_id` int(11) NOT NULL,
  `medicine_name` varchar(100) NOT NULL,
  `stock` int(11) NOT NULL DEFAULT 0,
  `expiry` date NOT NULL,
  `price` decimal(8,2) NOT NULL,
  `manufacturer` varchar(100) NOT NULL
) ENGINE=InnoDB DEFAULT CHARSET=utf8mb4 COLLATE=utf8mb4_general_ci;

--
-- Dumping data for table `pharmacy`
--

INSERT INTO `pharmacy` (`medicine_id`, `medicine_name`, `stock`, `expiry`, `price`, `manufacturer`) VALUES
(1, 'Paracetamol 150mg', 658, '2028-09-01', 176.62, 'Cipla'),
(2, 'Crocin 200mg', 1788, '2029-03-01', 91.43, 'Sun Pharma'),
(3, 'Dolo 250mg', 704, '2027-08-01', 338.65, 'Zydus'),
(4, 'Amlodipine 300mg', 1747, '2028-12-01', 304.90, 'Torrent Pharma'),
(5, 'Metformin 350mg', 254, '2029-02-01', 164.98, 'Alkem'),
(6, 'Pantoprazole 400mg', 562, '2027-03-01', 264.44, 'Dr Reddys'),
(7, 'Azithromycin 450mg', 913, '2028-11-01', 254.03, 'Abbott'),
(8, 'Amoxicillin 500mg', 1719, '2029-09-01', 129.29, 'Glenmark'),
(9, 'ORS 100mg', 1198, '2027-07-01', 6.84, 'Cipla'),
(10, 'Vitamin C 150mg', 1477, '2028-02-01', 160.27, 'Sun Pharma'),
(11, 'Ibuprofen 200mg', 1297, '2029-12-01', 235.97, 'Zydus'),
(12, 'Cetirizine 250mg', 860, '2027-07-01', 288.20, 'Torrent Pharma'),
(13, 'Levocetirizine 300mg', 1065, '2028-02-01', 236.84, 'Alkem'),
(14, 'Omeprazole 350mg', 1249, '2029-01-01', 217.60, 'Dr Reddys'),
(15, 'Calcium 400mg', 553, '2027-06-01', 320.51, 'Abbott'),
(16, 'Iron 450mg', 1787, '2028-11-01', 24.00, 'Glenmark'),
(17, 'Vitamin D3 500mg', 718, '2029-08-01', 318.47, 'Cipla'),
(18, 'Insulin 100mg', 386, '2027-11-01', 144.09, 'Sun Pharma'),
(19, 'Salbutamol 150mg', 723, '2028-01-01', 331.30, 'Zydus'),
(20, 'Betadine 200mg', 580, '2029-08-01', 42.41, 'Torrent Pharma'),
(21, 'Diclofenac 250mg', 1029, '2027-09-01', 49.21, 'Alkem'),
(22, 'Montelukast 300mg', 1621, '2028-06-01', 235.33, 'Dr Reddys'),
(23, 'Telmisartan 350mg', 958, '2029-12-01', 331.20, 'Abbott'),
(24, 'Atorvastatin 400mg', 416, '2027-10-01', 260.31, 'Glenmark'),
(25, 'Clopidogrel 450mg', 1807, '2028-07-01', 229.91, 'Cipla'),
(26, 'Shelcal 500mg', 672, '2029-08-01', 216.25, 'Sun Pharma'),
(27, 'Multivitamin 100mg', 544, '2027-01-01', 242.22, 'Zydus'),
(28, 'Digene 150mg', 583, '2028-08-01', 156.75, 'Torrent Pharma'),
(29, 'Paracetamol 200mg', 1504, '2029-06-01', 36.58, 'Alkem'),
(30, 'Crocin 250mg', 1420, '2027-06-01', 191.47, 'Dr Reddys'),
(31, 'Dolo 300mg', 665, '2028-06-01', 23.07, 'Abbott'),
(32, 'Amlodipine 350mg', 1836, '2029-04-01', 338.94, 'Glenmark'),
(33, 'Metformin 400mg', 534, '2027-08-01', 33.90, 'Cipla'),
(34, 'Pantoprazole 450mg', 143, '2028-11-01', 224.54, 'Sun Pharma'),
(35, 'Azithromycin 500mg', 598, '2029-01-01', 275.80, 'Zydus'),
(36, 'Amoxicillin 100mg', 520, '2027-03-01', 275.87, 'Torrent Pharma'),
(37, 'ORS 150mg', 1235, '2028-02-01', 290.78, 'Alkem'),
(38, 'Vitamin C 200mg', 1765, '2029-04-01', 206.06, 'Dr Reddys'),
(39, 'Ibuprofen 250mg', 402, '2027-04-01', 116.34, 'Abbott'),
(40, 'Cetirizine 300mg', 1858, '2028-10-01', 2.99, 'Glenmark'),
(41, 'Levocetirizine 350mg', 1206, '2029-03-01', 345.66, 'Cipla'),
(42, 'Omeprazole 400mg', 325, '2027-05-01', 279.88, 'Sun Pharma'),
(43, 'Calcium 450mg', 369, '2028-11-01', 303.52, 'Zydus'),
(44, 'Iron 500mg', 1714, '2029-01-01', 126.67, 'Torrent Pharma'),
(45, 'Vitamin D3 100mg', 132, '2027-04-01', 206.92, 'Alkem'),
(46, 'Insulin 150mg', 359, '2028-03-01', 94.35, 'Dr Reddys'),
(47, 'Salbutamol 200mg', 332, '2029-12-01', 148.49, 'Abbott'),
(48, 'Betadine 250mg', 1018, '2027-12-01', 24.12, 'Glenmark'),
(49, 'Diclofenac 300mg', 323, '2028-06-01', 180.61, 'Cipla'),
(50, 'Montelukast 350mg', 1359, '2029-08-01', 177.34, 'Sun Pharma'),
(51, 'Telmisartan 400mg', 1961, '2027-01-01', 255.08, 'Zydus'),
(52, 'Atorvastatin 450mg', 1038, '2028-11-01', 183.47, 'Torrent Pharma'),
(53, 'Clopidogrel 500mg', 224, '2029-11-01', 337.48, 'Alkem'),
(54, 'Shelcal 100mg', 973, '2027-08-01', 296.86, 'Dr Reddys'),
(55, 'Multivitamin 150mg', 1558, '2028-11-01', 39.57, 'Abbott'),
(56, 'Digene 200mg', 265, '2029-08-01', 27.57, 'Glenmark'),
(57, 'Paracetamol 250mg', 234, '2027-06-01', 213.69, 'Cipla'),
(58, 'Crocin 300mg', 1396, '2028-03-01', 97.71, 'Sun Pharma'),
(59, 'Dolo 350mg', 765, '2029-10-01', 192.83, 'Zydus'),
(60, 'Amlodipine 400mg', 1186, '2027-07-01', 348.13, 'Torrent Pharma'),
(61, 'Metformin 450mg', 1339, '2028-05-01', 159.89, 'Alkem'),
(62, 'Pantoprazole 500mg', 1537, '2029-07-01', 36.51, 'Dr Reddys'),
(63, 'Azithromycin 100mg', 1433, '2027-02-01', 298.77, 'Abbott'),
(64, 'Amoxicillin 150mg', 540, '2028-09-01', 252.85, 'Glenmark'),
(65, 'ORS 200mg', 567, '2029-07-01', 159.14, 'Cipla'),
(66, 'Vitamin C 250mg', 1028, '2027-07-01', 119.95, 'Sun Pharma'),
(67, 'Ibuprofen 300mg', 294, '2028-07-01', 146.76, 'Zydus'),
(68, 'Cetirizine 350mg', 1462, '2029-06-01', 150.51, 'Torrent Pharma'),
(69, 'Levocetirizine 400mg', 412, '2027-05-01', 132.26, 'Alkem'),
(70, 'Omeprazole 450mg', 237, '2028-11-01', 323.20, 'Dr Reddys'),
(71, 'Calcium 500mg', 290, '2029-02-01', 291.46, 'Abbott'),
(72, 'Iron 100mg', 1613, '2027-07-01', 35.60, 'Glenmark'),
(73, 'Vitamin D3 150mg', 1239, '2028-06-01', 284.50, 'Cipla'),
(74, 'Insulin 200mg', 1250, '2029-01-01', 206.09, 'Sun Pharma'),
(75, 'Salbutamol 250mg', 350, '2027-09-01', 116.72, 'Zydus'),
(76, 'Betadine 300mg', 1462, '2028-07-01', 125.05, 'Torrent Pharma'),
(77, 'Diclofenac 350mg', 1576, '2029-07-01', 304.10, 'Alkem'),
(78, 'Montelukast 400mg', 1329, '2027-01-01', 339.00, 'Dr Reddys'),
(79, 'Telmisartan 450mg', 1283, '2028-05-01', 124.37, 'Abbott'),
(80, 'Atorvastatin 500mg', 1444, '2029-09-01', 76.03, 'Glenmark'),
(81, 'Clopidogrel 100mg', 321, '2027-08-01', 80.04, 'Cipla'),
(82, 'Shelcal 150mg', 852, '2028-06-01', 296.19, 'Sun Pharma'),
(83, 'Multivitamin 200mg', 1275, '2029-02-01', 267.39, 'Zydus'),
(84, 'Digene 250mg', 1830, '2027-04-01', 282.91, 'Torrent Pharma'),
(85, 'Paracetamol 300mg', 1776, '2028-09-01', 341.14, 'Alkem'),
(86, 'Crocin 350mg', 1416, '2029-10-01', 215.52, 'Dr Reddys'),
(87, 'Dolo 400mg', 1447, '2027-09-01', 11.14, 'Abbott'),
(88, 'Amlodipine 450mg', 469, '2028-12-01', 95.07, 'Glenmark'),
(89, 'Metformin 500mg', 732, '2029-05-01', 246.54, 'Cipla'),
(90, 'Pantoprazole 100mg', 471, '2027-06-01', 124.16, 'Sun Pharma'),
(91, 'Azithromycin 150mg', 920, '2028-03-01', 199.08, 'Zydus'),
(92, 'Amoxicillin 200mg', 1396, '2029-02-01', 51.37, 'Torrent Pharma'),
(93, 'ORS 250mg', 1186, '2027-01-01', 33.93, 'Alkem'),
(94, 'Vitamin C 300mg', 1029, '2028-04-01', 132.92, 'Dr Reddys'),
(95, 'Ibuprofen 350mg', 738, '2029-06-01', 56.78, 'Abbott'),
(96, 'Cetirizine 400mg', 1262, '2027-12-01', 114.89, 'Glenmark'),
(97, 'Levocetirizine 450mg', 207, '2028-10-01', 31.57, 'Cipla'),
(98, 'Omeprazole 500mg', 1365, '2029-03-01', 56.78, 'Sun Pharma'),
(99, 'Calcium 100mg', 657, '2027-01-01', 236.54, 'Zydus'),
(100, 'Iron 150mg', 1094, '2028-08-01', 232.35, 'Torrent Pharma'),
(101, 'Paracetamol 500mg', 533, '2026-08-18', 294.07, 'Cipla'),
(102, 'Crocin 650', 1074, '2026-09-05', 270.54, 'GSK'),
(103, 'Azithral 500', 1747, '2029-04-03', 475.84, 'Alembic'),
(104, 'Telma 40', 1957, '2028-12-11', 140.87, 'Glenmark'),
(105, 'Glycomet 500', 1861, '2026-07-04', 134.28, 'USV'),
(106, 'Pan 40', 300, '2027-10-04', 178.06, 'Alkem'),
(107, 'Augmentin 625', 1246, '2028-03-09', 406.80, 'GSK'),
(108, 'Allegra 120', 1573, '2027-04-29', 469.04, 'Sanofi'),
(109, 'Shelcal 500', 496, '2026-10-23', 71.27, 'Torrent'),
(110, 'Zincovit', 488, '2027-07-17', 230.95, 'Apex'),
(111, 'Combiflam', 570, '2029-04-22', 46.84, 'Sanofi'),
(112, 'Ecosprin 75', 1142, '2028-02-07', 355.82, 'USV'),
(113, 'Rantac 150', 281, '2027-10-11', 281.96, 'J B Chemicals'),
(114, 'Digene', 1022, '2029-10-30', 138.25, 'Abbott'),
(115, 'Betadine Ointment', 618, '2026-10-24', 194.24, 'Win-Medicare'),
(116, 'Volini Gel', 1515, '2028-01-24', 414.26, 'Sun Pharma'),
(117, 'Sinarest', 93, '2029-08-14', 484.07, 'Centaur'),
(118, 'Zyrtec', 1290, '2026-03-13', 423.91, 'UCB'),
(119, 'Calpol 250', 1406, '2026-04-22', 351.53, 'GSK'),
(120, 'Amlokind 5', 1665, '2029-10-07', 135.04, 'Mankind Pharma'),
(121, 'Nise 100', 1181, '2028-02-27', 168.45, 'Dr Reddy'),
(122, 'Meftal Spas', 1484, '2028-01-14', 453.52, 'Blue Cross'),
(123, 'Envas 5', 1453, '2026-09-07', 276.76, 'Torrent'),
(124, 'Storvas 10', 534, '2028-06-25', 206.47, 'Sun Pharma'),
(125, 'Thyronorm 50', 1913, '2028-03-15', 465.20, 'Abbott'),
(126, 'Metrogyl 400', 1929, '2027-06-08', 164.43, 'J B Chemicals'),
(127, 'Ondem 4', 1967, '2027-04-28', 162.76, 'Alkem'),
(128, 'Cyra D', 1810, '2026-11-25', 459.63, 'Cipla'),
(129, 'Revital H', 1343, '2027-10-12', 442.14, 'Sun Pharma'),
(130, 'Becosules', 1620, '2029-08-12', 215.02, 'Pfizer'),
(131, 'Liv 52', 119, '2027-07-16', 435.89, 'Himalaya'),
(132, 'Digeplex', 1735, '2028-10-03', 246.12, 'Himalaya'),
(133, 'Rablet 20', 895, '2027-11-13', 364.35, 'Lupin'),
(134, 'Monticope', 1845, '2026-07-25', 415.71, 'Sun Pharma'),
(135, 'Ativan 1mg', 1480, '2027-06-19', 263.04, 'Wyeth'),
(136, 'Aciloc 150', 770, '2028-05-11', 309.02, 'Cadila'),
(137, 'Clavam 625', 1715, '2029-01-26', 374.14, 'Alkem'),
(138, 'Zerodol P', 978, '2029-11-24', 33.13, 'Ipca'),
(139, 'Naprosyn 250', 156, '2029-08-06', 327.96, 'Cipla'),
(140, 'Enzoflam', 1340, '2028-06-27', 399.69, 'Alkem');

-- --------------------------------------------------------

--
-- Table structure for table `prescriptions`
--

CREATE TABLE `prescriptions` (
  `prescription_id` int(11) NOT NULL,
  `patient_id` int(11) NOT NULL,
  `doctor_id` int(11) NOT NULL,
  `visit_id` int(11) NOT NULL,
  `diagnosis` varchar(200) DEFAULT NULL,
  `notes` text DEFAULT NULL,
  `created_date` date DEFAULT NULL
) ENGINE=InnoDB DEFAULT CHARSET=utf8mb4 COLLATE=utf8mb4_general_ci;

--
-- Dumping data for table `prescriptions`
--

INSERT INTO `prescriptions` (`prescription_id`, `patient_id`, `doctor_id`, `visit_id`, `diagnosis`, `notes`, `created_date`) VALUES
(1, 8, 18, 1, 'Knee Pain', 'Continue medication', '2025-07-28'),
(2, 17, 16, 2, 'Cold and Cough', 'Continue medication', '2025-07-05'),
(3, 32, 49, 3, 'Asthma', 'Continue medication', '2025-07-27'),
(4, 63, 10, 4, 'Migraine', 'Continue medication', '2025-07-19'),
(5, 54, 25, 5, 'Viral Fever', 'Continue medication', '2025-07-15'),
(6, 12, 26, 6, 'Migraine', 'Continue medication', '2025-07-17'),
(7, 48, 30, 7, 'Back Pain', 'Continue medication', '2025-07-31'),
(8, 42, 38, 8, 'Viral Fever', 'Continue medication', '2025-07-01'),
(9, 59, 41, 9, 'Cold and Cough', 'Continue medication', '2025-07-22'),
(10, 9, 51, 10, 'Asthma', 'Continue medication', '2025-07-18'),
(11, 28, 28, 11, 'Diabetes', 'Continue medication', '2025-07-27'),
(12, 64, 18, 12, 'Migraine', 'Continue medication', '2025-07-11'),
(13, 44, 36, 13, 'Knee Pain', 'Continue medication', '2025-07-19'),
(14, 73, 55, 14, 'Cold and Cough', 'Continue medication', '2025-07-16'),
(15, 7, 3, 15, 'Back Pain', 'Continue medication', '2025-07-04'),
(16, 3, 8, 16, 'Knee Pain', 'Continue medication', '2025-07-30'),
(17, 57, 30, 17, 'Asthma', 'Continue medication', '2025-07-01'),
(18, 26, 45, 18, 'Knee Pain', 'Continue medication', '2025-07-30'),
(19, 39, 11, 19, 'Migraine', 'Continue medication', '2025-07-28'),
(20, 12, 42, 20, 'Migraine', 'Continue medication', '2025-07-12'),
(21, 11, 24, 21, 'Knee Pain', 'Continue medication', '2025-07-22'),
(22, 7, 26, 22, 'Migraine', 'Continue medication', '2025-07-21'),
(23, 30, 28, 23, 'Viral Fever', 'Continue medication', '2025-07-21'),
(24, 13, 1, 24, 'Back Pain', 'Continue medication', '2025-07-07'),
(25, 10, 9, 25, 'Diabetes', 'Continue medication', '2025-07-19'),
(26, 67, 44, 26, 'Hypertension', 'Continue medication', '2025-07-15'),
(27, 2, 45, 27, 'Viral Fever', 'Continue medication', '2025-07-11'),
(28, 55, 45, 28, 'Back Pain', 'Continue medication', '2025-07-05'),
(29, 10, 15, 29, 'Viral Fever', 'Continue medication', '2025-07-13'),
(30, 14, 7, 30, 'Cold and Cough', 'Continue medication', '2025-07-11'),
(31, 39, 9, 31, 'Knee Pain', 'Continue medication', '2025-07-13'),
(32, 19, 5, 32, 'Hypertension', 'Continue medication', '2025-07-17'),
(33, 79, 42, 33, 'Back Pain', 'Continue medication', '2025-07-06'),
(34, 45, 47, 34, 'Knee Pain', 'Continue medication', '2025-07-07'),
(35, 53, 40, 35, 'Back Pain', 'Continue medication', '2025-07-22'),
(36, 28, 6, 36, 'Viral Fever', 'Continue medication', '2025-07-29'),
(37, 18, 49, 37, 'Asthma', 'Continue medication', '2025-07-04'),
(38, 45, 28, 38, 'Knee Pain', 'Continue medication', '2025-07-11'),
(39, 32, 18, 39, 'Viral Fever', 'Continue medication', '2025-07-21'),
(40, 32, 36, 40, 'Migraine', 'Continue medication', '2025-07-20'),
(41, 4, 55, 41, 'Migraine', 'Continue medication', '2025-07-28'),
(42, 27, 34, 42, 'Diabetes', 'Continue medication', '2025-07-20'),
(43, 51, 19, 43, 'Hypertension', 'Continue medication', '2025-07-21'),
(44, 31, 32, 44, 'Viral Fever', 'Continue medication', '2025-07-13'),
(45, 31, 32, 45, 'Viral Fever', 'Continue medication', '2025-07-21'),
(46, 68, 57, 46, 'Cold and Cough', 'Continue medication', '2025-07-01'),
(47, 41, 9, 47, 'Asthma', 'Continue medication', '2025-07-13'),
(48, 47, 35, 48, 'Knee Pain', 'Continue medication', '2025-07-22'),
(49, 61, 50, 49, 'Hypertension', 'Continue medication', '2025-07-03'),
(50, 76, 5, 50, 'Migraine', 'Continue medication', '2025-07-01'),
(51, 28, 3, 51, 'Hypertension', 'Continue medication', '2025-07-30'),
(52, 51, 33, 52, 'Asthma', 'Continue medication', '2025-07-10'),
(53, 55, 45, 53, 'Viral Fever', 'Continue medication', '2025-07-13'),
(54, 69, 35, 54, 'Knee Pain', 'Continue medication', '2025-07-20'),
(55, 36, 6, 55, 'Viral Fever', 'Continue medication', '2025-07-10'),
(56, 66, 59, 56, 'Knee Pain', 'Continue medication', '2025-07-07'),
(57, 69, 21, 57, 'Viral Fever', 'Continue medication', '2025-07-13'),
(58, 40, 45, 58, 'Diabetes', 'Continue medication', '2025-07-14'),
(59, 8, 16, 59, 'Asthma', 'Continue medication', '2025-07-03'),
(60, 15, 30, 60, 'Hypertension', 'Continue medication', '2025-07-20'),
(61, 40, 43, 61, 'Knee Pain', 'Continue medication', '2025-07-24'),
(62, 16, 1, 62, 'Knee Pain', 'Continue medication', '2025-07-23'),
(63, 2, 11, 63, 'Cold and Cough', 'Continue medication', '2025-07-16'),
(64, 67, 34, 64, 'Migraine', 'Continue medication', '2025-07-26'),
(65, 22, 24, 65, 'Migraine', 'Continue medication', '2025-07-05'),
(66, 16, 50, 66, 'Hypertension', 'Continue medication', '2025-07-29'),
(67, 43, 52, 67, 'Migraine', 'Continue medication', '2025-07-14'),
(68, 68, 5, 68, 'Viral Fever', 'Continue medication', '2025-07-09'),
(69, 64, 30, 69, 'Cold and Cough', 'Continue medication', '2025-07-17'),
(70, 8, 32, 70, 'Knee Pain', 'Continue medication', '2025-07-28'),
(71, 48, 11, 71, 'Viral Fever', 'Continue medication', '2025-07-09'),
(72, 74, 44, 72, 'Viral Fever', 'Continue medication', '2025-07-24'),
(73, 30, 48, 73, 'Hypertension', 'Continue medication', '2025-07-17'),
(74, 6, 55, 74, 'Hypertension', 'Continue medication', '2025-07-28'),
(75, 32, 3, 75, 'Cold and Cough', 'Continue medication', '2025-07-16'),
(76, 50, 59, 76, 'Knee Pain', 'Continue medication', '2025-07-05'),
(77, 5, 36, 77, 'Asthma', 'Continue medication', '2025-07-26'),
(78, 29, 21, 78, 'Asthma', 'Continue medication', '2025-07-08'),
(79, 41, 18, 79, 'Viral Fever', 'Continue medication', '2025-07-27'),
(80, 74, 24, 80, 'Hypertension', 'Continue medication', '2025-07-04'),
(81, 23, 15, 81, 'Hypertension', 'Continue medication', '2025-07-26'),
(82, 52, 5, 82, 'Back Pain', 'Continue medication', '2025-07-29'),
(83, 37, 50, 83, 'Migraine', 'Continue medication', '2025-07-28'),
(84, 42, 6, 84, 'Back Pain', 'Continue medication', '2025-07-18'),
(85, 2, 24, 85, 'Migraine', 'Continue medication', '2025-07-07'),
(86, 73, 51, 86, 'Diabetes', 'Continue medication', '2025-07-10'),
(87, 60, 24, 87, 'Back Pain', 'Continue medication', '2025-07-19'),
(88, 26, 47, 88, 'Diabetes', 'Continue medication', '2025-07-29'),
(89, 20, 1, 89, 'Asthma', 'Continue medication', '2025-07-30'),
(90, 4, 15, 90, 'Cold and Cough', 'Continue medication', '2025-07-18'),
(91, 2, 22, 91, 'Asthma', 'Continue medication', '2025-07-01'),
(92, 40, 7, 92, 'Diabetes', 'Continue medication', '2025-07-07'),
(93, 54, 32, 93, 'Hypertension', 'Continue medication', '2025-07-31'),
(94, 19, 46, 94, 'Viral Fever', 'Continue medication', '2025-07-09'),
(95, 6, 59, 95, 'Asthma', 'Continue medication', '2025-07-08'),
(96, 48, 30, 96, 'Viral Fever', 'Continue medication', '2025-07-24'),
(97, 75, 7, 97, 'Knee Pain', 'Continue medication', '2025-07-17'),
(98, 51, 5, 98, 'Hypertension', 'Continue medication', '2025-07-19'),
(99, 56, 43, 99, 'Knee Pain', 'Continue medication', '2025-07-31'),
(100, 31, 19, 100, 'Cold and Cough', 'Continue medication', '2025-07-09'),
(101, 20, 24, 101, 'Knee Pain', 'Follow diet plan', '2025-03-03'),
(102, 97, 6, 102, 'Back Pain', 'Rest advised', '2025-10-12'),
(103, 68, 17, 103, 'Knee Pain', 'Follow diet plan', '2025-05-11'),
(104, 2, 43, 104, 'Skin Allergy', 'Review after 1 week', '2025-01-21'),
(105, 40, 42, 105, 'Acid Reflux', 'Continue medication', '2025-11-17'),
(106, 78, 63, 106, 'Acid Reflux', 'Follow diet plan', '2025-07-03'),
(107, 19, 41, 107, 'Gastritis', 'Review after 1 week', '2025-04-05'),
(108, 134, 9, 108, 'Gastritis', 'Review after 1 week', '2025-08-01'),
(109, 140, 69, 109, 'Back Pain', 'Continue medication', '2025-06-28'),
(110, 57, 28, 110, 'Seasonal Flu', 'Rest advised', '2025-06-19'),
(111, 93, 38, 111, 'Hypertension Follow-up', 'Follow diet plan', '2025-09-29'),
(112, 122, 72, 112, 'Seasonal Flu', 'Continue medication', '2025-02-28'),
(113, 89, 58, 113, 'Hypertension Follow-up', 'Follow diet plan', '2025-11-15'),
(114, 63, 6, 114, 'Seasonal Flu', 'Rest advised', '2025-07-15'),
(115, 30, 50, 115, 'Diabetes Management', 'Follow diet plan', '2025-05-25'),
(116, 7, 67, 116, 'Migraine', 'Follow diet plan', '2025-09-18'),
(117, 115, 63, 117, 'Viral Fever', 'Rest advised', '2025-11-30'),
(118, 50, 42, 118, 'Gastritis', 'Continue medication', '2025-02-19'),
(119, 43, 69, 119, 'Gastritis', 'Continue medication', '2025-11-17'),
(120, 17, 27, 120, 'Seasonal Flu', 'Review after 1 week', '2025-12-17'),
(121, 109, 14, 121, 'Hypertension Follow-up', 'Follow diet plan', '2025-12-26'),
(122, 112, 10, 122, 'UTI', 'Review after 1 week', '2025-01-13'),
(123, 118, 43, 123, 'Viral Fever', 'Continue medication', '2025-02-07'),
(124, 14, 23, 124, 'Diabetes Management', 'Follow diet plan', '2025-02-06'),
(125, 148, 30, 125, 'Diabetes Management', 'Take medicines as prescribed', '2025-07-18'),
(126, 116, 52, 126, 'Back Pain', 'Rest advised', '2025-01-09'),
(127, 100, 16, 127, 'Gastritis', 'Continue medication', '2025-11-25'),
(128, 17, 75, 128, 'Viral Fever', 'Continue medication', '2025-07-03'),
(129, 129, 14, 129, 'Diabetes Management', 'Rest advised', '2025-11-07'),
(130, 23, 37, 130, 'Skin Allergy', 'Take medicines as prescribed', '2025-07-22'),
(131, 8, 61, 131, 'Knee Pain', 'Follow diet plan', '2025-04-23'),
(132, 35, 51, 132, 'Gastritis', 'Rest advised', '2025-11-21'),
(133, 37, 39, 133, 'Seasonal Flu', 'Rest advised', '2025-01-06'),
(134, 142, 72, 134, 'Knee Pain', 'Continue medication', '2025-01-22'),
(135, 2, 74, 135, 'Acid Reflux', 'Take medicines as prescribed', '2025-10-03'),
(136, 141, 11, 136, 'Diabetes Management', 'Review after 1 week', '2025-06-26'),
(137, 55, 53, 137, 'Seasonal Flu', 'Follow diet plan', '2025-03-14'),
(138, 42, 24, 138, 'Hypertension Follow-up', 'Follow diet plan', '2025-05-10'),
(139, 50, 15, 139, 'Knee Pain', 'Follow diet plan', '2025-01-28'),
(140, 141, 60, 140, 'Seasonal Flu', 'Follow diet plan', '2025-02-07'),
(141, 75, 9, 141, 'Diabetes Management', 'Continue medication', '2025-04-12'),
(142, 149, 63, 142, 'Migraine', 'Rest advised', '2025-03-07'),
(143, 61, 13, 143, 'Diabetes Management', 'Follow diet plan', '2025-02-05'),
(144, 50, 41, 144, 'Skin Allergy', 'Take medicines as prescribed', '2025-06-18'),
(145, 79, 75, 145, 'Knee Pain', 'Follow diet plan', '2025-10-18'),
(146, 94, 41, 146, 'Back Pain', 'Review after 1 week', '2025-01-03'),
(147, 81, 32, 147, 'Hypertension Follow-up', 'Take medicines as prescribed', '2025-05-22'),
(148, 93, 18, 148, 'Seasonal Flu', 'Rest advised', '2025-09-03'),
(149, 119, 58, 149, 'Migraine', 'Rest advised', '2025-09-07'),
(150, 142, 14, 150, 'Knee Pain', 'Follow diet plan', '2025-02-11'),
(151, 72, 18, 151, 'Gastritis', 'Review after 1 week', '2025-05-15'),
(152, 20, 10, 152, 'Viral Fever', 'Follow diet plan', '2025-11-20'),
(153, 8, 75, 153, 'Acid Reflux', 'Take medicines as prescribed', '2025-10-30'),
(154, 55, 5, 154, 'Gastritis', 'Rest advised', '2025-10-06'),
(155, 139, 61, 155, 'Seasonal Flu', 'Review after 1 week', '2025-07-07'),
(156, 101, 29, 156, 'Acid Reflux', 'Rest advised', '2025-03-10'),
(157, 119, 65, 157, 'Gastritis', 'Continue medication', '2025-07-23'),
(158, 94, 65, 158, 'Viral Fever', 'Review after 1 week', '2025-11-11'),
(159, 43, 66, 159, 'Knee Pain', 'Take medicines as prescribed', '2025-03-23'),
(160, 46, 73, 160, 'Acid Reflux', 'Review after 1 week', '2025-09-05'),
(161, 92, 6, 161, 'Hypertension Follow-up', 'Take medicines as prescribed', '2025-04-29'),
(162, 17, 34, 162, 'Migraine', 'Review after 1 week', '2025-01-22'),
(163, 53, 67, 163, 'Migraine', 'Take medicines as prescribed', '2025-08-29'),
(164, 117, 6, 164, 'Viral Fever', 'Rest advised', '2025-02-22'),
(165, 134, 36, 165, 'UTI', 'Rest advised', '2025-10-24'),
(166, 140, 73, 166, 'Knee Pain', 'Take medicines as prescribed', '2025-12-01'),
(167, 97, 47, 167, 'Acid Reflux', 'Continue medication', '2025-09-22'),
(168, 65, 49, 168, 'Hypertension Follow-up', 'Follow diet plan', '2025-07-27'),
(169, 91, 45, 169, 'Skin Allergy', 'Take medicines as prescribed', '2025-11-06'),
(170, 2, 65, 170, 'Knee Pain', 'Take medicines as prescribed', '2025-03-26');

--
-- Triggers `prescriptions`
--
DELIMITER $$
CREATE TRIGGER `trg_prescription_insert` AFTER INSERT ON `prescriptions` FOR EACH ROW BEGIN
    INSERT INTO reminders(patient_id, type, date) VALUES (NEW.patient_id, 'Medicine', NOW());
END
$$
DELIMITER ;

-- --------------------------------------------------------

--
-- Table structure for table `prescription_medicines`
--

CREATE TABLE `prescription_medicines` (
  `id` int(11) NOT NULL,
  `prescription_id` int(11) NOT NULL,
  `medicine_name` varchar(100) DEFAULT NULL,
  `dosage` varchar(50) DEFAULT NULL,
  `morning` tinyint(1) DEFAULT 0,
  `afternoon` tinyint(1) DEFAULT 0,
  `night` tinyint(1) DEFAULT 0,
  `days` int(11) DEFAULT NULL
) ENGINE=InnoDB DEFAULT CHARSET=utf8mb4 COLLATE=utf8mb4_general_ci;

--
-- Dumping data for table `prescription_medicines`
--

INSERT INTO `prescription_medicines` (`id`, `prescription_id`, `medicine_name`, `dosage`, `morning`, `afternoon`, `night`, `days`) VALUES
(1, 51, 'Telmisartan', '1 tablet', 1, 1, 1, 11),
(2, 30, 'Dolo', '1 tablet', 0, 0, 0, 7),
(3, 14, 'Pantoprazole', '1 tablet', 1, 1, 1, 16),
(4, 16, 'Insulin', '1 tablet', 1, 0, 1, 12),
(5, 60, 'ORS', '1 tablet', 0, 0, 0, 28),
(6, 88, 'Vitamin C', '1 tablet', 0, 0, 1, 7),
(7, 12, 'Telmisartan', '1 tablet', 0, 1, 1, 19),
(8, 7, 'Montelukast', '1 tablet', 1, 1, 0, 3),
(9, 52, 'Digene', '1 tablet', 1, 0, 0, 17),
(10, 14, 'Shelcal', '1 tablet', 0, 0, 0, 4),
(11, 100, 'Amoxicillin', '1 tablet', 0, 0, 1, 14),
(12, 88, 'Diclofenac', '1 tablet', 0, 1, 0, 3),
(13, 9, 'Azithromycin', '1 tablet', 1, 0, 0, 30),
(14, 43, 'Amlodipine', '1 tablet', 0, 1, 0, 8),
(15, 74, 'Omeprazole', '1 tablet', 1, 1, 0, 15),
(16, 88, 'Omeprazole', '1 tablet', 0, 1, 0, 8),
(17, 36, 'ORS', '1 tablet', 1, 0, 0, 22),
(18, 80, 'Betadine', '1 tablet', 0, 1, 1, 16),
(19, 71, 'Iron', '1 tablet', 0, 0, 1, 15),
(20, 18, 'Omeprazole', '1 tablet', 0, 0, 0, 15),
(21, 92, 'Cetirizine', '1 tablet', 1, 1, 1, 21),
(22, 65, 'Ibuprofen', '1 tablet', 1, 1, 0, 3),
(23, 41, 'Betadine', '1 tablet', 0, 0, 1, 4),
(24, 61, 'Vitamin D3', '1 tablet', 1, 0, 0, 6),
(25, 32, 'Montelukast', '1 tablet', 0, 1, 0, 27),
(26, 29, 'Salbutamol', '1 tablet', 1, 1, 0, 8),
(27, 31, 'Salbutamol', '1 tablet', 1, 1, 0, 25),
(28, 90, 'Cetirizine', '1 tablet', 0, 0, 1, 20),
(29, 40, 'Pantoprazole', '1 tablet', 1, 0, 0, 4),
(30, 30, 'Betadine', '1 tablet', 0, 0, 1, 3),
(31, 43, 'Betadine', '1 tablet', 0, 0, 1, 25),
(32, 23, 'Shelcal', '1 tablet', 1, 0, 0, 7),
(33, 76, 'Telmisartan', '1 tablet', 0, 0, 1, 5),
(34, 48, 'Telmisartan', '1 tablet', 1, 0, 1, 12),
(35, 42, 'Metformin', '1 tablet', 0, 1, 1, 23),
(36, 41, 'Pantoprazole', '1 tablet', 1, 0, 0, 15),
(37, 40, 'Atorvastatin', '1 tablet', 1, 0, 0, 26),
(38, 1, 'Telmisartan', '1 tablet', 1, 0, 0, 22),
(39, 41, 'Shelcal', '1 tablet', 0, 0, 1, 7),
(40, 43, 'Atorvastatin', '1 tablet', 0, 0, 1, 13),
(41, 22, 'Diclofenac', '1 tablet', 0, 1, 1, 3),
(42, 34, 'Azithromycin', '1 tablet', 0, 0, 1, 11),
(43, 14, 'Atorvastatin', '1 tablet', 0, 0, 1, 17),
(44, 94, 'Omeprazole', '1 tablet', 0, 1, 1, 15),
(45, 45, 'Insulin', '1 tablet', 1, 0, 1, 28),
(46, 74, 'Diclofenac', '1 tablet', 0, 0, 1, 5),
(47, 5, 'Vitamin C', '1 tablet', 0, 1, 1, 6),
(48, 10, 'Ibuprofen', '1 tablet', 0, 1, 0, 26),
(49, 10, 'Insulin', '1 tablet', 0, 1, 1, 25),
(50, 4, 'Omeprazole', '1 tablet', 0, 1, 0, 4),
(51, 13, 'Ibuprofen', '1 tablet', 0, 0, 1, 25),
(52, 71, 'Atorvastatin', '1 tablet', 1, 1, 1, 10),
(53, 13, 'Crocin', '1 tablet', 1, 1, 0, 4),
(54, 47, 'Paracetamol', '1 tablet', 1, 0, 1, 29),
(55, 85, 'Diclofenac', '1 tablet', 1, 0, 0, 3),
(56, 27, 'Pantoprazole', '1 tablet', 1, 0, 1, 30),
(57, 15, 'Vitamin C', '1 tablet', 1, 1, 1, 24),
(58, 34, 'Dolo', '1 tablet', 1, 0, 1, 15),
(59, 48, 'Pantoprazole', '1 tablet', 1, 0, 1, 17),
(60, 60, 'ORS', '1 tablet', 0, 1, 0, 7),
(61, 97, 'Telmisartan', '1 tablet', 0, 0, 1, 28),
(62, 70, 'Omeprazole', '1 tablet', 0, 0, 1, 29),
(63, 67, 'Omeprazole', '1 tablet', 1, 0, 1, 12),
(64, 11, 'Levocetirizine', '1 tablet', 0, 0, 0, 27),
(65, 58, 'Pantoprazole', '1 tablet', 0, 0, 0, 7),
(66, 6, 'Omeprazole', '1 tablet', 0, 1, 0, 29),
(67, 81, 'Metformin', '1 tablet', 1, 1, 0, 5),
(68, 50, 'Insulin', '1 tablet', 1, 1, 1, 19),
(69, 59, 'Digene', '1 tablet', 0, 1, 0, 16),
(70, 20, 'Metformin', '1 tablet', 0, 0, 0, 28),
(71, 37, 'Digene', '1 tablet', 1, 1, 1, 15),
(72, 84, 'Iron', '1 tablet', 1, 0, 0, 11),
(73, 52, 'Metformin', '1 tablet', 1, 0, 1, 13),
(74, 89, 'Amoxicillin', '1 tablet', 0, 1, 1, 14),
(75, 3, 'Ibuprofen', '1 tablet', 1, 1, 1, 29),
(76, 63, 'Digene', '1 tablet', 0, 0, 0, 12),
(77, 96, 'Calcium', '1 tablet', 1, 1, 1, 22),
(78, 83, 'Dolo', '1 tablet', 0, 1, 0, 29),
(79, 53, 'Atorvastatin', '1 tablet', 1, 1, 0, 19),
(80, 21, 'Dolo', '1 tablet', 1, 1, 0, 27),
(81, 68, 'Salbutamol', '1 tablet', 0, 0, 0, 29),
(82, 26, 'Multivitamin', '1 tablet', 0, 0, 0, 17),
(83, 7, 'Cetirizine', '1 tablet', 0, 1, 1, 29),
(84, 60, 'Vitamin D3', '1 tablet', 1, 0, 0, 10),
(85, 48, 'Iron', '1 tablet', 1, 0, 1, 21),
(86, 71, 'Cetirizine', '1 tablet', 1, 0, 1, 26),
(87, 89, 'Dolo', '1 tablet', 1, 0, 1, 4),
(88, 21, 'Digene', '1 tablet', 0, 0, 0, 24),
(89, 27, 'ORS', '1 tablet', 1, 0, 0, 18),
(90, 17, 'Diclofenac', '1 tablet', 0, 0, 0, 11),
(91, 78, 'Shelcal', '1 tablet', 1, 1, 1, 15),
(92, 45, 'Calcium', '1 tablet', 1, 0, 1, 12),
(93, 87, 'Vitamin D3', '1 tablet', 1, 0, 0, 19),
(94, 85, 'Multivitamin', '1 tablet', 1, 1, 1, 24),
(95, 14, 'Iron', '1 tablet', 0, 1, 1, 23),
(96, 42, 'Digene', '1 tablet', 1, 1, 1, 9),
(97, 20, 'Vitamin D3', '1 tablet', 0, 0, 1, 24),
(98, 41, 'Montelukast', '1 tablet', 0, 0, 1, 12),
(99, 34, 'Omeprazole', '1 tablet', 1, 1, 0, 21),
(100, 91, 'Salbutamol', '1 tablet', 0, 1, 0, 24),
(101, 69, 'Diclofenac', '1 tablet', 1, 1, 1, 30),
(102, 22, 'Multivitamin', '1 tablet', 0, 1, 0, 18),
(103, 17, 'Atorvastatin', '1 tablet', 1, 0, 1, 23),
(104, 12, 'Amoxicillin', '1 tablet', 1, 0, 1, 16),
(105, 43, 'Cetirizine', '1 tablet', 1, 1, 1, 30),
(106, 16, 'Iron', '1 tablet', 0, 0, 1, 9),
(107, 65, 'Amlodipine', '1 tablet', 1, 1, 1, 4),
(108, 20, 'Metformin', '1 tablet', 0, 1, 1, 21),
(109, 59, 'Metformin', '1 tablet', 1, 0, 0, 18),
(110, 43, 'Diclofenac', '1 tablet', 0, 1, 0, 3),
(111, 58, 'ORS', '1 tablet', 0, 0, 0, 18),
(112, 98, 'Clopidogrel', '1 tablet', 0, 0, 1, 23),
(113, 55, 'Levocetirizine', '1 tablet', 1, 1, 1, 3),
(114, 5, 'Insulin', '1 tablet', 0, 1, 0, 13),
(115, 97, 'Multivitamin', '1 tablet', 0, 0, 0, 23),
(116, 94, 'Amoxicillin', '1 tablet', 0, 1, 1, 7),
(117, 14, 'Levocetirizine', '1 tablet', 1, 0, 0, 29),
(118, 6, 'Vitamin C', '1 tablet', 1, 1, 1, 16),
(119, 88, 'Metformin', '1 tablet', 1, 1, 1, 27),
(120, 25, 'Pantoprazole', '1 tablet', 1, 0, 0, 10),
(121, 94, 'Metformin', '1 tablet', 0, 0, 0, 6),
(122, 47, 'Telmisartan', '1 tablet', 0, 1, 1, 27),
(123, 69, 'Betadine', '1 tablet', 0, 0, 0, 23),
(124, 3, 'Crocin', '1 tablet', 0, 1, 1, 15),
(125, 16, 'Insulin', '1 tablet', 1, 1, 0, 9),
(126, 89, 'Montelukast', '1 tablet', 0, 1, 1, 24),
(127, 13, 'Montelukast', '1 tablet', 1, 0, 1, 29),
(128, 14, 'Vitamin D3', '1 tablet', 0, 1, 0, 28),
(129, 14, 'Iron', '1 tablet', 0, 0, 1, 29),
(130, 67, 'Azithromycin', '1 tablet', 1, 1, 1, 8),
(131, 6, 'Insulin', '1 tablet', 1, 0, 1, 13),
(132, 31, 'Paracetamol', '1 tablet', 0, 0, 0, 29),
(133, 74, 'Montelukast', '1 tablet', 1, 0, 0, 27),
(134, 66, 'Dolo', '1 tablet', 0, 1, 0, 17),
(135, 38, 'ORS', '1 tablet', 1, 0, 0, 29),
(136, 23, 'Digene', '1 tablet', 0, 1, 1, 28),
(137, 87, 'Ibuprofen', '1 tablet', 1, 0, 0, 30),
(138, 98, 'Crocin', '1 tablet', 0, 0, 0, 13),
(139, 46, 'Calcium', '1 tablet', 1, 0, 1, 29),
(140, 44, 'Pantoprazole', '1 tablet', 0, 1, 1, 17),
(141, 35, 'Multivitamin', '1 tablet', 1, 1, 1, 23),
(142, 22, 'Amlodipine', '1 tablet', 0, 0, 0, 6),
(143, 54, 'Salbutamol', '1 tablet', 1, 1, 0, 22),
(144, 49, 'Clopidogrel', '1 tablet', 1, 0, 0, 18),
(145, 63, 'Amlodipine', '1 tablet', 1, 1, 0, 5),
(146, 34, 'Diclofenac', '1 tablet', 1, 0, 0, 24),
(147, 44, 'Vitamin D3', '1 tablet', 0, 1, 0, 18),
(148, 45, 'Montelukast', '1 tablet', 1, 0, 0, 3),
(149, 83, 'Pantoprazole', '1 tablet', 1, 1, 0, 5),
(150, 97, 'Iron', '1 tablet', 1, 0, 1, 11),
(151, 7, 'Vitamin D3', '1 tablet', 0, 1, 1, 29),
(152, 31, 'Dolo', '1 tablet', 1, 1, 1, 5),
(153, 64, 'Calcium', '1 tablet', 1, 0, 1, 26),
(154, 84, 'Paracetamol', '1 tablet', 0, 1, 1, 4),
(155, 72, 'Insulin', '1 tablet', 0, 0, 1, 19),
(156, 72, 'Azithromycin', '1 tablet', 1, 1, 1, 29),
(157, 7, 'Multivitamin', '1 tablet', 0, 1, 1, 20),
(158, 99, 'Betadine', '1 tablet', 1, 1, 1, 6),
(159, 13, 'Clopidogrel', '1 tablet', 0, 0, 1, 14),
(160, 82, 'Shelcal', '1 tablet', 1, 1, 0, 4),
(161, 22, 'Iron', '1 tablet', 0, 1, 0, 11),
(162, 79, 'Azithromycin', '1 tablet', 0, 0, 1, 9),
(163, 59, 'Multivitamin', '1 tablet', 0, 1, 0, 27),
(164, 54, 'Crocin', '1 tablet', 0, 1, 1, 24),
(165, 76, 'Vitamin D3', '1 tablet', 0, 1, 0, 19),
(166, 95, 'Crocin', '1 tablet', 1, 1, 0, 25),
(167, 75, 'Pantoprazole', '1 tablet', 0, 0, 1, 24),
(168, 77, 'Betadine', '1 tablet', 1, 1, 1, 22),
(169, 89, 'Clopidogrel', '1 tablet', 0, 1, 1, 13),
(170, 38, 'Calcium', '1 tablet', 0, 0, 1, 22),
(171, 90, 'Atorvastatin', '1 tablet', 1, 1, 0, 9),
(172, 27, 'Betadine', '1 tablet', 1, 1, 0, 25),
(173, 84, 'Pantoprazole', '1 tablet', 1, 0, 1, 20),
(174, 62, 'Salbutamol', '1 tablet', 1, 1, 1, 28),
(175, 2, 'Vitamin D3', '1 tablet', 0, 0, 1, 7),
(176, 7, 'Montelukast', '1 tablet', 0, 0, 1, 27),
(177, 21, 'Vitamin C', '1 tablet', 1, 0, 0, 25),
(178, 38, 'Azithromycin', '1 tablet', 0, 1, 1, 6),
(179, 79, 'Digene', '1 tablet', 0, 1, 0, 19),
(180, 90, 'Vitamin C', '1 tablet', 0, 1, 1, 16),
(181, 88, 'Ibuprofen', '1 tablet', 0, 0, 1, 9),
(182, 80, 'Digene', '1 tablet', 1, 0, 1, 27),
(183, 76, 'Insulin', '1 tablet', 0, 0, 1, 17),
(184, 23, 'Montelukast', '1 tablet', 0, 0, 0, 26),
(185, 66, 'Amlodipine', '1 tablet', 1, 0, 1, 11),
(186, 72, 'ORS', '1 tablet', 0, 0, 1, 3),
(187, 43, 'Calcium', '1 tablet', 0, 0, 0, 13),
(188, 77, 'Crocin', '1 tablet', 1, 1, 1, 5),
(189, 91, 'Ibuprofen', '1 tablet', 0, 0, 0, 28),
(190, 65, 'Pantoprazole', '1 tablet', 1, 1, 0, 14),
(191, 29, 'Azithromycin', '1 tablet', 1, 1, 1, 12),
(192, 28, 'Clopidogrel', '1 tablet', 1, 0, 0, 24),
(193, 45, 'Calcium', '1 tablet', 0, 0, 0, 24),
(194, 42, 'Levocetirizine', '1 tablet', 0, 1, 1, 20),
(195, 93, 'Vitamin C', '1 tablet', 0, 1, 1, 18),
(196, 6, 'Vitamin C', '1 tablet', 0, 1, 0, 6),
(197, 22, 'Clopidogrel', '1 tablet', 0, 0, 0, 24),
(198, 81, 'Clopidogrel', '1 tablet', 0, 1, 0, 9),
(199, 69, 'Multivitamin', '1 tablet', 1, 0, 0, 3),
(200, 59, 'Telmisartan', '1 tablet', 1, 0, 0, 5),
(201, 7, 'Pantoprazole', '1 tablet', 1, 0, 0, 11),
(202, 53, 'Levocetirizine', '1 tablet', 1, 1, 1, 13),
(203, 3, 'Levocetirizine', '1 tablet', 0, 0, 0, 27),
(204, 96, 'Salbutamol', '1 tablet', 0, 0, 1, 19),
(205, 14, 'Vitamin C', '1 tablet', 1, 0, 1, 27),
(206, 57, 'Levocetirizine', '1 tablet', 1, 0, 1, 8),
(207, 69, 'Amoxicillin', '1 tablet', 0, 1, 1, 23),
(208, 19, 'Vitamin C', '1 tablet', 1, 0, 0, 6),
(209, 6, 'Paracetamol', '1 tablet', 1, 0, 1, 9),
(210, 96, 'Atorvastatin', '1 tablet', 1, 0, 1, 23),
(211, 66, 'Metformin', '1 tablet', 0, 0, 0, 22),
(212, 33, 'Azithromycin', '1 tablet', 0, 0, 0, 30),
(213, 97, 'Insulin', '1 tablet', 1, 0, 1, 24),
(214, 9, 'ORS', '1 tablet', 0, 0, 1, 13),
(215, 46, 'Metformin', '1 tablet', 0, 0, 1, 22),
(216, 9, 'Azithromycin', '1 tablet', 1, 1, 1, 13),
(217, 79, 'Montelukast', '1 tablet', 1, 0, 1, 28),
(218, 41, 'Omeprazole', '1 tablet', 0, 0, 1, 10),
(219, 29, 'Telmisartan', '1 tablet', 1, 1, 1, 7),
(220, 87, 'Atorvastatin', '1 tablet', 1, 1, 1, 17),
(221, 46, 'Clopidogrel', '1 tablet', 1, 1, 0, 8),
(222, 83, 'Betadine', '1 tablet', 0, 1, 0, 20),
(223, 26, 'ORS', '1 tablet', 0, 0, 0, 30),
(224, 65, 'Diclofenac', '1 tablet', 0, 1, 0, 4),
(225, 71, 'ORS', '1 tablet', 1, 0, 1, 15),
(226, 29, 'Clopidogrel', '1 tablet', 1, 0, 1, 19),
(227, 66, 'Dolo', '1 tablet', 1, 1, 0, 24),
(228, 31, 'Digene', '1 tablet', 0, 0, 1, 8),
(229, 23, 'Salbutamol', '1 tablet', 0, 1, 1, 4),
(230, 29, 'Clopidogrel', '1 tablet', 1, 0, 0, 11),
(231, 48, 'Amoxicillin', '1 tablet', 0, 0, 1, 15),
(232, 61, 'Calcium', '1 tablet', 0, 0, 1, 6),
(233, 91, 'Vitamin D3', '1 tablet', 1, 1, 0, 15),
(234, 84, 'Levocetirizine', '1 tablet', 1, 0, 1, 15),
(235, 29, 'Vitamin D3', '1 tablet', 1, 1, 1, 18),
(236, 62, 'Betadine', '1 tablet', 0, 0, 1, 8),
(237, 30, 'Dolo', '1 tablet', 1, 0, 0, 8),
(238, 21, 'Cetirizine', '1 tablet', 0, 0, 1, 28),
(239, 43, 'Atorvastatin', '1 tablet', 0, 1, 1, 18),
(240, 27, 'Salbutamol', '1 tablet', 0, 1, 0, 10),
(241, 6, 'Metformin', '1 tablet', 0, 0, 0, 21),
(242, 19, 'Crocin', '1 tablet', 0, 1, 0, 19),
(243, 52, 'Betadine', '1 tablet', 0, 1, 0, 9),
(244, 58, 'Betadine', '1 tablet', 1, 1, 0, 10),
(245, 53, 'Betadine', '1 tablet', 0, 0, 1, 8),
(246, 93, 'Montelukast', '1 tablet', 1, 1, 0, 10),
(247, 49, 'Levocetirizine', '1 tablet', 0, 0, 0, 9),
(248, 67, 'Digene', '1 tablet', 1, 0, 0, 8),
(249, 61, 'Betadine', '1 tablet', 0, 0, 0, 18),
(250, 85, 'Metformin', '1 tablet', 0, 1, 1, 14),
(251, 6, 'Telmisartan', '1 tablet', 1, 0, 1, 28),
(252, 99, 'Levocetirizine', '1 tablet', 1, 0, 1, 7),
(253, 33, 'Iron', '1 tablet', 0, 0, 1, 22),
(254, 70, 'Omeprazole', '1 tablet', 1, 0, 0, 25),
(255, 96, 'Shelcal', '1 tablet', 0, 0, 0, 15),
(256, 84, 'Azithromycin', '1 tablet', 1, 1, 1, 6),
(257, 20, 'Omeprazole', '1 tablet', 1, 1, 1, 21),
(258, 47, 'Betadine', '1 tablet', 1, 1, 0, 16),
(259, 71, 'Shelcal', '1 tablet', 1, 0, 1, 20),
(260, 72, 'Iron', '1 tablet', 1, 1, 1, 27),
(261, 91, 'Levocetirizine', '1 tablet', 0, 0, 0, 17),
(262, 90, 'Pantoprazole', '1 tablet', 0, 0, 1, 28),
(263, 44, 'Shelcal', '1 tablet', 0, 0, 1, 23),
(264, 1, 'Shelcal', '1 tablet', 0, 0, 1, 22),
(265, 56, 'Dolo', '1 tablet', 0, 1, 0, 14),
(266, 11, 'Betadine', '1 tablet', 0, 1, 1, 22),
(267, 84, 'Vitamin D3', '1 tablet', 1, 0, 0, 23),
(268, 64, 'Calcium', '1 tablet', 0, 0, 1, 9),
(269, 5, 'Shelcal', '1 tablet', 0, 0, 0, 14),
(270, 31, 'Diclofenac', '1 tablet', 0, 0, 0, 11),
(271, 100, 'Levocetirizine', '1 tablet', 1, 1, 1, 21),
(272, 26, 'Vitamin D3', '1 tablet', 0, 0, 0, 20),
(273, 37, 'Atorvastatin', '1 tablet', 1, 1, 1, 10),
(274, 78, 'Azithromycin', '1 tablet', 1, 1, 0, 11),
(275, 23, 'Omeprazole', '1 tablet', 0, 0, 1, 13),
(276, 15, 'Shelcal', '1 tablet', 1, 1, 1, 15),
(277, 73, 'Iron', '1 tablet', 0, 1, 1, 24),
(278, 59, 'Salbutamol', '1 tablet', 0, 1, 0, 11),
(279, 9, 'Levocetirizine', '1 tablet', 0, 0, 1, 16),
(280, 46, 'Vitamin D3', '1 tablet', 0, 1, 0, 12),
(281, 12, 'Levocetirizine', '1 tablet', 1, 0, 0, 18),
(282, 41, 'Cetirizine', '1 tablet', 0, 1, 0, 26),
(283, 88, 'Azithromycin', '1 tablet', 1, 0, 0, 26),
(284, 31, 'Digene', '1 tablet', 1, 0, 0, 9),
(285, 32, 'Multivitamin', '1 tablet', 1, 0, 0, 6),
(286, 11, 'Montelukast', '1 tablet', 1, 0, 0, 30),
(287, 62, 'Cetirizine', '1 tablet', 1, 1, 1, 18),
(288, 24, 'Clopidogrel', '1 tablet', 1, 1, 0, 27),
(289, 74, 'Metformin', '1 tablet', 0, 1, 1, 20),
(290, 5, 'Vitamin D3', '1 tablet', 1, 1, 0, 17),
(291, 16, 'Telmisartan', '1 tablet', 1, 1, 0, 3),
(292, 87, 'Azithromycin', '1 tablet', 1, 0, 1, 14),
(293, 79, 'Digene', '1 tablet', 1, 0, 1, 10),
(294, 35, 'Iron', '1 tablet', 1, 1, 0, 18),
(295, 55, 'Azithromycin', '1 tablet', 1, 1, 1, 30),
(296, 52, 'ORS', '1 tablet', 1, 0, 0, 21),
(297, 88, 'Amoxicillin', '1 tablet', 0, 1, 0, 20),
(298, 56, 'Digene', '1 tablet', 1, 0, 0, 28),
(299, 95, 'Metformin', '1 tablet', 1, 0, 0, 16),
(300, 64, 'Metformin', '1 tablet', 1, 1, 1, 11),
(301, 59, 'Telmisartan', '1 tablet', 1, 0, 0, 5),
(302, 41, 'Pantoprazole', '40mg', 0, 0, 1, 15),
(303, 85, 'Losartan', '50mg', 0, 1, 1, 10),
(304, 54, 'Vitamin D3', '1 sachet', 0, 1, 0, 6),
(305, 12, 'Metformin', '500mg', 0, 0, 0, 12),
(306, 38, 'Paracetamol', '1 tablet', 0, 1, 0, 11),
(307, 104, 'Vitamin D3', '1 sachet', 0, 1, 0, 6),
(308, 115, 'Vitamin D3', '1 sachet', 1, 1, 0, 6),
(309, 106, 'Vitamin D3', '1 sachet', 0, 0, 1, 5),
(310, 88, 'Dolo 650', '1 tablet', 0, 0, 1, 9),
(311, 34, 'Telmisartan', '1 tablet', 0, 0, 1, 5),
(312, 156, 'Telmisartan', '1 tablet', 0, 1, 0, 15),
(313, 137, 'Montelukast', '10mg', 0, 0, 1, 13),
(314, 34, 'Vitamin D3', '1 sachet', 0, 1, 1, 8),
(315, 12, 'Losartan', '50mg', 1, 0, 1, 15),
(316, 98, 'Pantoprazole', '40mg', 0, 1, 0, 7),
(317, 123, 'Azithromycin', '500mg', 0, 1, 1, 7),
(318, 49, 'Paracetamol', '1 tablet', 0, 0, 0, 9),
(319, 168, 'Azithromycin', '500mg', 1, 1, 1, 4),
(320, 40, 'Amoxicillin', '500mg', 1, 1, 1, 12),
(321, 94, 'Vitamin D3', '1 sachet', 1, 1, 0, 9),
(322, 142, 'Montelukast', '10mg', 1, 0, 1, 11),
(323, 143, 'Dolo 650', '1 tablet', 1, 1, 1, 15),
(324, 102, 'Losartan', '50mg', 0, 0, 0, 10),
(325, 42, 'Telmisartan', '1 tablet', 0, 1, 1, 15),
(326, 141, 'Vitamin D3', '1 sachet', 0, 0, 1, 13),
(327, 2, 'Telmisartan', '1 tablet', 0, 1, 1, 4),
(328, 17, 'Cetirizine', '10mg', 0, 1, 0, 12),
(329, 10, 'Losartan', '50mg', 1, 1, 1, 14),
(330, 153, 'Paracetamol', '1 tablet', 0, 1, 1, 3),
(331, 52, 'Ibuprofen', '400mg', 1, 0, 0, 15),
(332, 154, 'Montelukast', '10mg', 0, 0, 0, 8),
(333, 62, 'Ibuprofen', '400mg', 0, 0, 0, 7),
(334, 103, 'Pantoprazole', '40mg', 1, 1, 0, 11),
(335, 4, 'Losartan', '50mg', 0, 0, 1, 14),
(336, 144, 'Vitamin D3', '1 sachet', 1, 1, 1, 6),
(337, 156, 'Azithromycin', '500mg', 1, 1, 0, 7),
(338, 45, 'Amoxicillin', '500mg', 0, 0, 1, 8),
(339, 30, 'Montelukast', '10mg', 1, 1, 1, 9),
(340, 145, 'Dolo 650', '1 tablet', 0, 1, 1, 13),
(341, 118, 'Vitamin D3', '1 sachet', 0, 1, 0, 7),
(342, 18, 'Amoxicillin', '500mg', 0, 0, 1, 9),
(343, 91, 'Montelukast', '10mg', 0, 1, 0, 7),
(344, 24, 'Amoxicillin', '500mg', 1, 0, 0, 10),
(345, 81, 'Pantoprazole', '40mg', 0, 1, 0, 14),
(346, 49, 'Dolo 650', '1 tablet', 0, 0, 0, 7),
(347, 53, 'Azithromycin', '500mg', 0, 0, 1, 5),
(348, 28, 'Telmisartan', '1 tablet', 0, 1, 0, 15),
(349, 139, 'Paracetamol', '1 tablet', 1, 1, 1, 10),
(350, 148, 'Cetirizine', '10mg', 1, 0, 1, 9),
(351, 57, 'Vitamin D3', '1 sachet', 0, 0, 1, 10),
(352, 139, 'Paracetamol', '1 tablet', 1, 1, 0, 10),
(353, 31, 'Losartan', '50mg', 1, 1, 0, 3),
(354, 54, 'Amoxicillin', '500mg', 0, 1, 1, 12),
(355, 67, 'Metformin', '500mg', 1, 0, 1, 10),
(356, 157, 'Pantoprazole', '40mg', 1, 0, 1, 9),
(357, 54, 'Amoxicillin', '500mg', 1, 1, 1, 7),
(358, 116, 'Metformin', '500mg', 0, 0, 0, 14),
(359, 70, 'Azithromycin', '500mg', 1, 1, 0, 5),
(360, 39, 'Dolo 650', '1 tablet', 0, 0, 1, 10),
(361, 35, 'Ibuprofen', '400mg', 1, 1, 1, 7),
(362, 144, 'Vitamin D3', '1 sachet', 0, 1, 0, 14),
(363, 42, 'Paracetamol', '1 tablet', 0, 1, 1, 13),
(364, 25, 'Dolo 650', '1 tablet', 1, 1, 1, 8),
(365, 144, 'Montelukast', '10mg', 1, 1, 0, 9),
(366, 32, 'Pantoprazole', '40mg', 0, 0, 1, 8),
(367, 84, 'Ibuprofen', '400mg', 1, 1, 0, 9),
(368, 158, 'Cetirizine', '10mg', 1, 0, 0, 13),
(369, 87, 'Amoxicillin', '500mg', 1, 0, 0, 5),
(370, 88, 'Azithromycin', '500mg', 1, 1, 1, 14),
(371, 69, 'Vitamin D3', '1 sachet', 1, 1, 1, 15),
(372, 93, 'Losartan', '50mg', 1, 1, 0, 5),
(373, 6, 'Metformin', '500mg', 0, 1, 0, 6),
(374, 43, 'Amoxicillin', '500mg', 0, 0, 0, 10),
(375, 141, 'Paracetamol', '1 tablet', 0, 1, 0, 4),
(376, 68, 'Vitamin D3', '1 sachet', 0, 0, 1, 7),
(377, 59, 'Azithromycin', '500mg', 1, 1, 0, 5),
(378, 135, 'Metformin', '500mg', 0, 0, 1, 8),
(379, 122, 'Dolo 650', '1 tablet', 1, 1, 0, 14),
(380, 139, 'Metformin', '500mg', 1, 1, 1, 8),
(381, 124, 'Montelukast', '10mg', 0, 0, 1, 7),
(382, 94, 'Amoxicillin', '500mg', 1, 0, 1, 3),
(383, 1, 'Montelukast', '10mg', 0, 1, 1, 10),
(384, 137, 'Paracetamol', '1 tablet', 1, 1, 1, 3),
(385, 111, 'Cetirizine', '10mg', 0, 0, 1, 6),
(386, 106, 'Montelukast', '10mg', 1, 1, 0, 5),
(387, 166, 'Amoxicillin', '500mg', 1, 0, 1, 4),
(388, 109, 'Ibuprofen', '400mg', 0, 1, 1, 13),
(389, 137, 'Cetirizine', '10mg', 1, 0, 0, 5),
(390, 35, 'Cetirizine', '10mg', 0, 1, 1, 7),
(391, 160, 'Dolo 650', '1 tablet', 0, 1, 0, 5),
(392, 13, 'Montelukast', '10mg', 0, 0, 0, 7),
(393, 69, 'Metformin', '500mg', 1, 0, 0, 4),
(394, 39, 'Paracetamol', '1 tablet', 1, 0, 1, 9),
(395, 80, 'Dolo 650', '1 tablet', 1, 1, 0, 8),
(396, 21, 'Metformin', '500mg', 0, 1, 1, 4),
(397, 140, 'Dolo 650', '1 tablet', 0, 0, 1, 9),
(398, 4, 'Telmisartan', '1 tablet', 0, 1, 1, 6),
(399, 9, 'Azithromycin', '500mg', 1, 0, 0, 10),
(400, 100, 'Ibuprofen', '400mg', 1, 1, 0, 13),
(401, 11, 'Losartan', '50mg', 0, 1, 1, 13),
(402, 77, 'Azithromycin', '500mg', 1, 0, 0, 4),
(403, 61, 'Ibuprofen', '400mg', 1, 1, 0, 5),
(404, 71, 'Vitamin D3', '1 sachet', 0, 1, 0, 3),
(405, 11, 'Vitamin D3', '1 sachet', 1, 0, 1, 15),
(406, 23, 'Azithromycin', '500mg', 0, 1, 0, 13),
(407, 159, 'Pantoprazole', '40mg', 0, 0, 1, 13),
(408, 40, 'Losartan', '50mg', 0, 0, 1, 6),
(409, 82, 'Montelukast', '10mg', 1, 1, 0, 3),
(410, 97, 'Pantoprazole', '40mg', 0, 1, 0, 10),
(411, 113, 'Montelukast', '10mg', 1, 1, 0, 12),
(412, 48, 'Montelukast', '10mg', 1, 1, 1, 7),
(413, 154, 'Montelukast', '10mg', 0, 0, 0, 10),
(414, 76, 'Cetirizine', '10mg', 1, 1, 0, 15),
(415, 164, 'Montelukast', '10mg', 1, 0, 0, 12),
(416, 94, 'Vitamin D3', '1 sachet', 0, 1, 0, 13),
(417, 138, 'Amoxicillin', '500mg', 0, 1, 0, 12),
(418, 73, 'Pantoprazole', '40mg', 1, 1, 0, 4),
(419, 134, 'Ibuprofen', '400mg', 0, 0, 0, 5),
(420, 9, 'Azithromycin', '500mg', 0, 1, 0, 4),
(421, 9, 'Vitamin D3', '1 sachet', 1, 1, 1, 3),
(422, 94, 'Azithromycin', '500mg', 0, 0, 0, 13),
(423, 126, 'Telmisartan', '1 tablet', 1, 0, 1, 11),
(424, 107, 'Pantoprazole', '40mg', 0, 1, 0, 14),
(425, 19, 'Cetirizine', '10mg', 0, 0, 0, 4),
(426, 60, 'Montelukast', '10mg', 1, 0, 0, 11),
(427, 169, 'Azithromycin', '500mg', 0, 1, 0, 15),
(428, 164, 'Vitamin D3', '1 sachet', 1, 1, 1, 4),
(429, 43, 'Metformin', '500mg', 1, 1, 0, 11),
(430, 154, 'Dolo 650', '1 tablet', 1, 1, 1, 8),
(431, 106, 'Ibuprofen', '400mg', 1, 1, 0, 12),
(432, 140, 'Azithromycin', '500mg', 1, 1, 1, 10),
(433, 115, 'Amoxicillin', '500mg', 0, 0, 1, 12),
(434, 5, 'Montelukast', '10mg', 0, 1, 0, 7),
(435, 57, 'Azithromycin', '500mg', 1, 0, 1, 11),
(436, 131, 'Montelukast', '10mg', 0, 0, 0, 10),
(437, 92, 'Metformin', '500mg', 0, 1, 1, 12),
(438, 64, 'Azithromycin', '500mg', 1, 1, 0, 12),
(439, 103, 'Vitamin D3', '1 sachet', 0, 0, 1, 15),
(440, 124, 'Metformin', '500mg', 1, 0, 1, 3),
(441, 148, 'Amoxicillin', '500mg', 0, 0, 1, 8),
(442, 112, 'Amoxicillin', '500mg', 0, 0, 0, 13),
(443, 162, 'Amoxicillin', '500mg', 0, 1, 0, 8),
(444, 139, 'Vitamin D3', '1 sachet', 0, 1, 0, 5),
(445, 13, 'Ibuprofen', '400mg', 1, 1, 0, 6),
(446, 111, 'Cetirizine', '10mg', 1, 0, 0, 8),
(447, 22, 'Dolo 650', '1 tablet', 0, 1, 1, 4),
(448, 103, 'Montelukast', '10mg', 1, 0, 0, 10),
(449, 144, 'Azithromycin', '500mg', 1, 1, 0, 11),
(450, 158, 'Losartan', '50mg', 0, 0, 0, 7);

-- --------------------------------------------------------

--
-- Table structure for table `queue`
--

CREATE TABLE `queue` (
  `queue_id` int(11) NOT NULL,
  `patient_id` int(11) DEFAULT NULL,
  `doctor_id` int(11) DEFAULT NULL,
  `priority_level` enum('Emergency','Pregnant','Senior Citizen','Child','Disabled','Normal') DEFAULT NULL,
  `queue_number` int(11) DEFAULT NULL,
  `arrival_time` datetime DEFAULT NULL,
  `served_time` datetime DEFAULT NULL,
  `status` enum('Waiting','In-progress','Served') DEFAULT NULL
) ENGINE=InnoDB DEFAULT CHARSET=utf8mb4 COLLATE=utf8mb4_general_ci;

--
-- Dumping data for table `queue`
--

INSERT INTO `queue` (`queue_id`, `patient_id`, `doctor_id`, `priority_level`, `queue_number`, `arrival_time`, `served_time`, `status`) VALUES
(1, 23, 35, 'Emergency', 1, '2025-07-13 16:15:00', '2025-07-13 16:53:00', 'Served'),
(2, 3, 20, 'Pregnant', 2, '2025-07-15 16:45:00', '2025-07-15 17:43:00', 'Served'),
(3, 32, 30, 'Normal', 3, '2025-07-12 10:30:00', NULL, 'Waiting'),
(4, 15, 3, 'Pregnant', 4, '2025-07-26 14:00:00', NULL, 'Waiting'),
(5, 9, 7, 'Pregnant', 5, '2025-07-20 08:45:00', '2025-07-20 09:01:00', 'Served'),
(6, 6, 26, 'Pregnant', 6, '2025-07-15 11:15:00', NULL, 'Waiting'),
(7, 65, 19, 'Normal', 7, '2025-07-08 17:30:00', '2025-07-08 18:56:00', 'Served'),
(8, 42, 16, 'Senior Citizen', 8, '2025-07-10 10:15:00', NULL, 'In-progress'),
(9, 36, 4, 'Disabled', 9, '2025-07-18 17:15:00', '2025-07-18 18:19:00', 'Served'),
(10, 64, 4, 'Child', 10, '2025-07-12 14:30:00', '2025-07-12 15:33:00', 'Served'),
(11, 20, 20, 'Pregnant', 11, '2025-07-13 10:45:00', NULL, 'Waiting'),
(12, 39, 55, 'Disabled', 12, '2025-07-23 10:45:00', NULL, 'Waiting'),
(13, 53, 27, 'Pregnant', 13, '2025-07-18 16:15:00', NULL, 'In-progress'),
(14, 33, 14, 'Emergency', 14, '2025-07-11 09:45:00', NULL, 'In-progress'),
(15, 69, 47, 'Child', 15, '2025-07-27 11:00:00', NULL, 'In-progress'),
(16, 78, 39, 'Pregnant', 16, '2025-07-02 09:15:00', '2025-07-02 10:36:00', 'Served'),
(17, 62, 14, 'Pregnant', 17, '2025-07-28 13:30:00', NULL, 'Waiting'),
(18, 25, 48, 'Normal', 18, '2025-07-04 15:15:00', '2025-07-04 16:42:00', 'Served'),
(19, 27, 26, 'Child', 19, '2025-07-30 11:30:00', NULL, 'In-progress'),
(20, 60, 35, 'Senior Citizen', 20, '2025-07-21 13:30:00', NULL, 'In-progress'),
(21, 66, 57, 'Senior Citizen', 21, '2025-07-16 15:00:00', '2025-07-16 16:10:00', 'Served'),
(22, 27, 24, 'Normal', 22, '2025-07-11 14:00:00', '2025-07-11 14:38:00', 'Served'),
(23, 19, 2, 'Pregnant', 23, '2025-07-09 16:45:00', NULL, 'In-progress'),
(24, 26, 22, 'Disabled', 24, '2025-07-08 14:15:00', NULL, 'In-progress'),
(25, 44, 17, 'Pregnant', 25, '2025-07-25 15:45:00', NULL, 'In-progress'),
(26, 46, 11, 'Disabled', 26, '2025-07-05 16:45:00', NULL, 'Waiting'),
(27, 8, 34, 'Child', 27, '2025-07-02 09:00:00', NULL, 'Waiting'),
(28, 18, 54, 'Emergency', 28, '2025-07-21 11:00:00', '2025-07-21 11:29:00', 'Served'),
(29, 28, 33, 'Child', 29, '2025-07-15 13:00:00', '2025-07-15 14:28:00', 'Served'),
(30, 63, 2, 'Emergency', 30, '2025-07-01 16:45:00', NULL, 'Waiting'),
(31, 68, 47, 'Disabled', 31, '2025-07-09 16:30:00', NULL, 'Waiting'),
(32, 56, 52, 'Disabled', 32, '2025-07-30 10:00:00', NULL, 'Waiting'),
(33, 20, 16, 'Senior Citizen', 33, '2025-07-07 17:30:00', NULL, 'In-progress'),
(34, 51, 6, 'Normal', 34, '2025-07-12 14:45:00', '2025-07-12 15:26:00', 'Served'),
(35, 29, 20, 'Child', 35, '2025-07-22 09:00:00', NULL, 'Waiting'),
(36, 49, 25, 'Normal', 36, '2025-07-18 15:00:00', '2025-07-18 15:11:00', 'Served'),
(37, 22, 6, 'Disabled', 37, '2025-07-16 14:30:00', '2025-07-16 14:52:00', 'Served'),
(38, 6, 15, 'Emergency', 38, '2025-07-07 17:45:00', NULL, 'In-progress'),
(39, 10, 44, 'Senior Citizen', 39, '2025-07-30 12:00:00', NULL, 'Waiting'),
(40, 3, 14, 'Senior Citizen', 40, '2025-07-19 10:45:00', NULL, 'Waiting'),
(41, 21, 37, 'Senior Citizen', 41, '2025-07-08 17:45:00', '2025-07-08 19:04:00', 'Served'),
(42, 50, 49, 'Emergency', 42, '2025-07-24 10:00:00', '2025-07-24 10:54:00', 'Served'),
(43, 13, 28, 'Disabled', 43, '2025-07-08 09:30:00', '2025-07-08 10:58:00', 'Served'),
(44, 51, 50, 'Child', 44, '2025-07-11 08:30:00', NULL, 'In-progress'),
(45, 30, 23, 'Normal', 45, '2025-07-18 14:45:00', NULL, 'Waiting'),
(46, 75, 43, 'Normal', 46, '2025-07-13 09:30:00', NULL, 'Waiting'),
(47, 10, 6, 'Normal', 47, '2025-07-09 10:45:00', '2025-07-09 11:14:00', 'Served'),
(48, 50, 21, 'Senior Citizen', 48, '2025-07-12 09:00:00', NULL, 'Waiting'),
(49, 57, 24, 'Emergency', 49, '2025-07-25 12:00:00', NULL, 'Waiting'),
(50, 24, 28, 'Emergency', 50, '2025-07-15 16:45:00', NULL, 'Waiting'),
(51, 12, 23, 'Emergency', 51, '2025-07-18 09:30:00', NULL, 'In-progress'),
(52, 38, 27, 'Pregnant', 52, '2025-07-13 09:15:00', '2025-07-13 10:31:00', 'Served'),
(53, 49, 11, 'Child', 53, '2025-07-05 12:30:00', NULL, 'In-progress'),
(54, 19, 5, 'Senior Citizen', 54, '2025-07-06 14:30:00', NULL, 'In-progress'),
(55, 62, 51, 'Normal', 55, '2025-07-03 13:30:00', NULL, 'Waiting'),
(56, 64, 39, 'Pregnant', 56, '2025-07-20 11:45:00', NULL, 'Waiting'),
(57, 39, 1, 'Child', 57, '2025-07-13 13:45:00', NULL, 'In-progress'),
(58, 43, 28, 'Senior Citizen', 58, '2025-07-27 17:15:00', NULL, 'In-progress'),
(59, 78, 45, 'Child', 59, '2025-07-07 15:30:00', NULL, 'Waiting'),
(60, 41, 19, 'Child', 60, '2025-07-24 15:15:00', NULL, 'In-progress'),
(61, 36, 53, 'Disabled', 61, '2025-07-26 14:30:00', NULL, 'Waiting'),
(62, 26, 38, 'Normal', 62, '2025-07-18 10:00:00', '2025-07-18 11:09:00', 'Served'),
(63, 27, 29, 'Normal', 63, '2025-07-26 12:00:00', NULL, 'In-progress'),
(64, 64, 9, 'Normal', 64, '2025-07-21 12:15:00', NULL, 'In-progress'),
(65, 20, 46, 'Disabled', 65, '2025-07-14 14:00:00', NULL, 'In-progress'),
(66, 62, 38, 'Senior Citizen', 66, '2025-07-13 16:45:00', '2025-07-13 16:59:00', 'Served'),
(67, 69, 39, 'Normal', 67, '2025-07-21 09:00:00', NULL, 'Waiting'),
(68, 46, 11, 'Senior Citizen', 68, '2025-07-21 17:00:00', '2025-07-21 18:01:00', 'Served'),
(69, 56, 7, 'Disabled', 69, '2025-07-01 09:30:00', NULL, 'Waiting'),
(70, 67, 36, 'Senior Citizen', 70, '2025-07-19 17:15:00', NULL, 'In-progress'),
(71, 51, 30, 'Emergency', 71, '2025-07-25 17:15:00', NULL, 'In-progress'),
(72, 62, 7, 'Normal', 72, '2025-07-10 14:00:00', NULL, 'Waiting'),
(73, 19, 23, 'Disabled', 73, '2025-07-10 13:45:00', NULL, 'Waiting'),
(74, 62, 23, 'Senior Citizen', 74, '2025-07-16 09:45:00', '2025-07-16 10:52:00', 'Served'),
(75, 9, 20, 'Normal', 75, '2025-07-02 09:00:00', NULL, 'In-progress'),
(76, 14, 44, 'Disabled', 76, '2025-07-26 10:15:00', '2025-07-26 10:47:00', 'Served'),
(77, 21, 22, 'Child', 77, '2025-07-18 14:45:00', NULL, 'Waiting'),
(78, 24, 12, 'Normal', 78, '2025-07-21 14:45:00', NULL, 'Waiting'),
(79, 79, 57, 'Emergency', 79, '2025-07-07 15:45:00', NULL, 'In-progress'),
(80, 28, 14, 'Senior Citizen', 80, '2025-07-09 09:00:00', '2025-07-09 09:33:00', 'Served'),
(81, 42, 13, 'Disabled', 81, '2025-07-15 09:30:00', '2025-07-15 10:42:00', 'Served'),
(82, 41, 39, 'Senior Citizen', 82, '2025-07-13 17:45:00', '2025-07-13 18:09:00', 'Served'),
(83, 46, 55, 'Disabled', 83, '2025-07-15 17:15:00', '2025-07-15 18:03:00', 'Served'),
(84, 76, 6, 'Pregnant', 84, '2025-07-22 10:30:00', NULL, 'Waiting'),
(85, 40, 8, 'Child', 85, '2025-07-06 13:15:00', '2025-07-06 14:14:00', 'Served'),
(86, 77, 9, 'Child', 86, '2025-07-19 14:45:00', NULL, 'Waiting'),
(87, 69, 45, 'Senior Citizen', 87, '2025-07-30 10:15:00', NULL, 'In-progress'),
(88, 18, 12, 'Emergency', 88, '2025-07-11 15:00:00', NULL, 'In-progress'),
(89, 63, 9, 'Normal', 89, '2025-07-07 14:45:00', NULL, 'In-progress'),
(90, 63, 27, 'Emergency', 90, '2025-07-23 15:45:00', NULL, 'Waiting'),
(91, 73, 2, 'Senior Citizen', 91, '2025-07-26 11:30:00', NULL, 'Waiting'),
(92, 29, 35, 'Disabled', 92, '2025-07-10 10:45:00', '2025-07-10 11:58:00', 'Served'),
(93, 66, 8, 'Disabled', 93, '2025-07-19 09:30:00', '2025-07-19 10:26:00', 'Served'),
(94, 6, 49, 'Emergency', 94, '2025-07-24 15:15:00', NULL, 'In-progress'),
(95, 32, 20, 'Senior Citizen', 95, '2025-07-28 08:45:00', NULL, 'In-progress'),
(96, 12, 29, 'Normal', 96, '2025-07-28 09:15:00', NULL, 'Waiting'),
(97, 76, 45, 'Disabled', 97, '2025-07-12 17:45:00', NULL, 'Waiting'),
(98, 18, 51, 'Disabled', 98, '2025-07-07 11:00:00', '2025-07-07 11:54:00', 'Served'),
(99, 36, 39, 'Senior Citizen', 99, '2025-07-18 10:30:00', '2025-07-18 11:17:00', 'Served'),
(100, 74, 18, 'Child', 100, '2025-07-28 16:00:00', NULL, 'Waiting'),
(101, 69, 73, 'Emergency', 25, '2025-12-23 10:00:00', '2025-12-23 14:45:00', 'Served'),
(102, 59, 71, 'Emergency', 13, '2025-09-25 15:45:00', '2025-09-25 12:45:00', 'In-progress'),
(103, 21, 51, 'Normal', 23, '2025-01-18 17:15:00', '2025-01-18 10:45:00', 'Waiting'),
(104, 43, 28, 'Normal', 5, '2025-01-22 15:00:00', '2025-01-22 15:15:00', 'Served'),
(105, 38, 77, 'Senior Citizen', 30, '2025-02-04 10:45:00', '2025-02-04 17:45:00', 'Served'),
(106, 84, 36, 'Normal', 30, '2025-01-07 17:45:00', '2025-01-07 10:45:00', 'Waiting'),
(107, 38, 73, 'Normal', 25, '2025-02-21 10:00:00', '2025-02-21 13:30:00', 'In-progress'),
(108, 68, 50, 'Normal', 19, '2025-11-08 16:00:00', '2025-11-08 11:30:00', 'In-progress'),
(109, 37, 80, 'Normal', 23, '2025-07-25 09:45:00', '2025-07-25 14:15:00', 'Waiting'),
(110, 122, 35, 'Normal', 1, '2025-06-22 13:30:00', '2025-06-22 13:45:00', 'Served'),
(111, 26, 30, 'Pregnant', 24, '2025-08-15 14:30:00', '2025-08-15 15:00:00', 'Waiting'),
(112, 114, 28, 'Normal', 14, '2025-09-06 17:30:00', '2025-09-06 09:15:00', 'Waiting'),
(113, 80, 65, 'Child', 25, '2025-09-26 09:15:00', '2025-09-26 12:15:00', 'Waiting'),
(114, 64, 5, 'Disabled', 30, '2025-07-04 12:30:00', '2025-07-04 14:45:00', 'Served'),
(115, 102, 16, 'Normal', 8, '2025-07-10 16:45:00', '2025-07-10 11:45:00', 'Served'),
(116, 142, 45, 'Child', 27, '2025-05-13 10:30:00', '2025-05-13 09:45:00', 'Waiting'),
(117, 42, 74, 'Normal', 7, '2025-04-24 12:15:00', '2025-04-24 13:45:00', 'Served'),
(118, 6, 2, 'Disabled', 5, '2025-11-28 11:00:00', '2025-11-28 12:30:00', 'Served'),
(119, 79, 36, 'Disabled', 13, '2025-06-28 16:30:00', '2025-06-28 12:45:00', 'In-progress'),
(120, 134, 80, 'Child', 4, '2025-01-04 17:30:00', '2025-01-04 17:30:00', 'In-progress'),
(121, 28, 62, 'Emergency', 9, '2025-11-24 14:30:00', '2025-11-24 13:30:00', 'Waiting'),
(122, 39, 67, 'Normal', 29, '2025-01-30 15:30:00', '2025-01-30 11:00:00', 'Served'),
(123, 128, 38, 'Senior Citizen', 14, '2025-07-27 15:00:00', '2025-07-27 12:30:00', 'Served'),
(124, 57, 69, 'Normal', 16, '2025-12-10 14:30:00', '2025-12-10 11:15:00', 'In-progress'),
(125, 25, 61, 'Pregnant', 9, '2025-10-14 11:30:00', '2025-10-14 10:15:00', 'In-progress'),
(126, 58, 40, 'Disabled', 29, '2025-06-19 14:30:00', '2025-06-19 13:45:00', 'Waiting'),
(127, 121, 7, 'Normal', 19, '2025-10-25 10:45:00', '2025-10-25 12:00:00', 'Served'),
(128, 98, 68, 'Senior Citizen', 2, '2025-03-19 11:15:00', '2025-03-19 14:45:00', 'Served'),
(129, 118, 19, 'Senior Citizen', 23, '2025-04-03 10:45:00', '2025-04-03 14:15:00', 'In-progress'),
(130, 15, 1, 'Disabled', 7, '2025-03-28 11:45:00', '2025-03-28 10:15:00', 'Served'),
(131, 112, 55, 'Child', 16, '2025-07-16 09:00:00', '2025-07-16 17:15:00', 'Served'),
(132, 96, 2, 'Normal', 25, '2025-09-29 12:00:00', '2025-09-29 09:15:00', 'Waiting'),
(133, 89, 40, 'Pregnant', 13, '2025-09-15 13:15:00', '2025-09-15 10:00:00', 'In-progress'),
(134, 75, 59, 'Normal', 20, '2025-09-26 14:45:00', '2025-09-26 11:30:00', 'In-progress'),
(135, 92, 25, 'Pregnant', 30, '2025-07-26 09:15:00', '2025-07-26 12:15:00', 'Waiting'),
(136, 6, 76, 'Normal', 4, '2025-07-07 09:45:00', '2025-07-07 13:00:00', 'Served'),
(137, 13, 14, 'Normal', 1, '2025-01-25 10:45:00', '2025-01-25 16:45:00', 'Waiting'),
(138, 141, 33, 'Disabled', 5, '2025-04-16 09:30:00', '2025-04-16 15:00:00', 'Served'),
(139, 134, 35, 'Normal', 23, '2025-03-12 15:00:00', '2025-03-12 17:00:00', 'In-progress'),
(140, 30, 14, 'Disabled', 20, '2025-04-13 13:15:00', '2025-04-13 14:45:00', 'In-progress'),
(141, 42, 6, 'Normal', 30, '2025-04-17 16:30:00', '2025-04-17 12:00:00', 'Waiting'),
(142, 23, 15, 'Normal', 22, '2025-09-10 11:00:00', '2025-09-10 17:00:00', 'Served'),
(143, 26, 33, 'Normal', 15, '2025-06-01 13:45:00', '2025-06-01 09:00:00', 'Waiting'),
(144, 11, 38, 'Child', 22, '2025-06-10 15:00:00', '2025-06-10 10:00:00', 'Waiting'),
(145, 36, 22, 'Senior Citizen', 29, '2025-08-13 13:00:00', '2025-08-13 14:30:00', 'Waiting'),
(146, 30, 52, 'Child', 15, '2025-05-20 15:45:00', '2025-05-20 15:15:00', 'Waiting'),
(147, 34, 8, 'Normal', 28, '2025-03-23 10:45:00', '2025-03-23 16:45:00', 'Waiting'),
(148, 98, 46, 'Normal', 28, '2025-12-17 11:45:00', '2025-12-17 16:00:00', 'In-progress'),
(149, 113, 6, 'Emergency', 21, '2025-06-10 09:15:00', '2025-06-10 14:00:00', 'In-progress'),
(150, 64, 62, 'Child', 22, '2025-11-25 15:15:00', '2025-11-25 17:00:00', 'Waiting'),
(151, 41, 65, 'Normal', 28, '2025-09-11 11:00:00', '2025-09-11 16:30:00', 'Waiting'),
(152, 85, 36, 'Emergency', 8, '2025-10-09 15:45:00', '2025-10-09 12:00:00', 'In-progress'),
(153, 114, 74, 'Disabled', 28, '2025-09-13 16:30:00', '2025-09-13 10:45:00', 'Served'),
(154, 5, 14, 'Child', 2, '2025-10-13 17:00:00', '2025-10-13 10:30:00', 'Served'),
(155, 144, 27, 'Normal', 15, '2025-06-24 14:00:00', '2025-06-24 12:45:00', 'In-progress'),
(156, 144, 80, 'Normal', 23, '2025-12-03 14:45:00', '2025-12-03 10:00:00', 'Served'),
(157, 57, 1, 'Child', 27, '2025-11-21 13:30:00', '2025-11-21 10:00:00', 'Waiting'),
(158, 127, 18, 'Normal', 24, '2025-07-29 10:30:00', '2025-07-29 12:15:00', 'Waiting'),
(159, 101, 28, 'Disabled', 26, '2025-04-08 14:00:00', '2025-04-08 15:00:00', 'Served'),
(160, 32, 58, 'Disabled', 19, '2025-09-16 11:45:00', '2025-09-16 09:00:00', 'Served'),
(161, 111, 75, 'Disabled', 17, '2025-04-01 11:15:00', '2025-04-01 10:45:00', 'Served'),
(162, 83, 65, 'Normal', 14, '2025-11-08 12:30:00', '2025-11-08 15:30:00', 'In-progress'),
(163, 116, 18, 'Pregnant', 20, '2025-12-25 17:30:00', '2025-12-25 17:30:00', 'Served'),
(164, 142, 28, 'Senior Citizen', 20, '2025-05-29 14:15:00', '2025-05-29 11:30:00', 'Served'),
(165, 30, 46, 'Normal', 19, '2025-10-20 15:30:00', '2025-10-20 15:00:00', 'Served'),
(166, 28, 4, 'Child', 2, '2025-12-10 09:15:00', '2025-12-10 13:15:00', 'In-progress'),
(167, 65, 19, 'Normal', 23, '2025-06-01 12:00:00', '2025-06-01 14:45:00', 'Waiting'),
(168, 144, 29, 'Normal', 18, '2025-07-19 12:30:00', '2025-07-19 09:45:00', 'In-progress'),
(169, 107, 41, 'Normal', 2, '2025-01-07 13:15:00', '2025-01-07 16:15:00', 'Served'),
(170, 95, 76, 'Normal', 20, '2025-04-11 12:30:00', '2025-04-11 16:15:00', 'Served');

-- --------------------------------------------------------

--
-- Table structure for table `reminders`
--

CREATE TABLE `reminders` (
  `reminder_id` int(11) NOT NULL,
  `patient_id` int(11) NOT NULL,
  `type` enum('Appointment','Medicine','Vaccine') DEFAULT NULL,
  `date` datetime DEFAULT NULL,
  `status` enum('Pending','Sent') DEFAULT 'Pending'
) ENGINE=InnoDB DEFAULT CHARSET=utf8mb4 COLLATE=utf8mb4_general_ci;

--
-- Dumping data for table `reminders`
--

INSERT INTO `reminders` (`reminder_id`, `patient_id`, `type`, `date`, `status`) VALUES
(1, 49, 'Vaccine', '2025-07-22 09:00:00', 'Sent'),
(2, 6, 'Medicine', '2025-07-04 09:00:00', 'Sent'),
(3, 79, 'Medicine', '2025-07-30 09:00:00', 'Sent'),
(4, 35, 'Medicine', '2025-07-09 09:00:00', 'Pending'),
(5, 75, 'Vaccine', '2025-07-13 09:00:00', 'Sent'),
(6, 31, 'Vaccine', '2025-07-24 09:00:00', 'Pending'),
(7, 44, 'Medicine', '2025-07-22 09:00:00', 'Pending'),
(8, 71, 'Appointment', '2025-07-01 09:00:00', 'Pending'),
(9, 2, 'Vaccine', '2025-07-14 09:00:00', 'Pending'),
(10, 14, 'Medicine', '2025-07-22 09:00:00', 'Sent'),
(11, 29, 'Medicine', '2025-07-24 09:00:00', 'Sent'),
(12, 25, 'Vaccine', '2025-07-02 09:00:00', 'Pending'),
(13, 12, 'Vaccine', '2025-07-02 09:00:00', 'Pending'),
(14, 16, 'Appointment', '2025-07-23 09:00:00', 'Pending'),
(15, 78, 'Vaccine', '2025-07-05 09:00:00', 'Sent'),
(16, 73, 'Appointment', '2025-07-26 09:00:00', 'Pending'),
(17, 24, 'Medicine', '2025-07-09 09:00:00', 'Sent'),
(18, 10, 'Medicine', '2025-07-21 09:00:00', 'Sent'),
(19, 55, 'Medicine', '2025-07-23 09:00:00', 'Sent'),
(20, 21, 'Medicine', '2025-07-25 09:00:00', 'Pending'),
(21, 8, 'Medicine', '2025-07-13 09:00:00', 'Sent'),
(22, 8, 'Appointment', '2025-07-09 09:00:00', 'Sent'),
(23, 57, 'Appointment', '2025-07-03 09:00:00', 'Sent'),
(24, 79, 'Vaccine', '2025-07-13 09:00:00', 'Pending'),
(25, 63, 'Vaccine', '2025-07-04 09:00:00', 'Pending'),
(26, 56, 'Medicine', '2025-07-07 09:00:00', 'Pending'),
(27, 34, 'Appointment', '2025-07-04 09:00:00', 'Pending'),
(28, 10, 'Medicine', '2025-07-19 09:00:00', 'Sent'),
(29, 3, 'Appointment', '2025-07-29 09:00:00', 'Sent'),
(30, 1, 'Vaccine', '2025-07-30 09:00:00', 'Pending'),
(31, 50, 'Vaccine', '2025-07-09 09:00:00', 'Pending'),
(32, 43, 'Vaccine', '2025-07-29 09:00:00', 'Sent'),
(33, 1, 'Medicine', '2025-07-17 09:00:00', 'Sent'),
(34, 56, 'Vaccine', '2025-07-13 09:00:00', 'Pending'),
(35, 29, 'Vaccine', '2025-07-01 09:00:00', 'Sent'),
(36, 62, 'Medicine', '2025-07-04 09:00:00', 'Sent'),
(37, 39, 'Vaccine', '2025-07-13 09:00:00', 'Pending'),
(38, 12, 'Appointment', '2025-07-12 09:00:00', 'Sent'),
(39, 59, 'Vaccine', '2025-07-25 09:00:00', 'Sent'),
(40, 26, 'Medicine', '2025-07-06 09:00:00', 'Pending'),
(41, 25, 'Appointment', '2025-07-10 09:00:00', 'Sent'),
(42, 46, 'Vaccine', '2025-07-16 09:00:00', 'Pending'),
(43, 57, 'Appointment', '2025-07-24 09:00:00', 'Pending'),
(44, 5, 'Vaccine', '2025-07-07 09:00:00', 'Pending'),
(45, 76, 'Medicine', '2025-07-08 09:00:00', 'Sent'),
(46, 9, 'Medicine', '2025-07-26 09:00:00', 'Sent'),
(47, 69, 'Appointment', '2025-07-27 09:00:00', 'Sent'),
(48, 5, 'Medicine', '2025-07-11 09:00:00', 'Pending'),
(49, 6, 'Appointment', '2025-07-13 09:00:00', 'Pending'),
(50, 67, 'Vaccine', '2025-07-15 09:00:00', 'Pending'),
(51, 75, 'Appointment', '2025-07-08 09:00:00', 'Pending'),
(52, 19, 'Medicine', '2025-07-16 09:00:00', 'Pending'),
(53, 80, 'Vaccine', '2025-07-02 09:00:00', 'Pending'),
(54, 17, 'Vaccine', '2025-07-01 09:00:00', 'Pending'),
(55, 7, 'Appointment', '2025-07-29 09:00:00', 'Sent'),
(56, 59, 'Vaccine', '2025-07-20 09:00:00', 'Pending'),
(57, 9, 'Appointment', '2025-07-27 09:00:00', 'Pending'),
(58, 64, 'Appointment', '2025-07-20 09:00:00', 'Pending'),
(59, 26, 'Vaccine', '2025-07-14 09:00:00', 'Sent'),
(60, 52, 'Vaccine', '2025-07-11 09:00:00', 'Pending'),
(61, 74, 'Medicine', '2025-07-18 09:00:00', 'Pending'),
(62, 28, 'Vaccine', '2025-07-25 09:00:00', 'Pending'),
(63, 23, 'Appointment', '2025-07-11 09:00:00', 'Pending'),
(64, 36, 'Appointment', '2025-07-05 09:00:00', 'Sent'),
(65, 48, 'Medicine', '2025-07-18 09:00:00', 'Pending'),
(66, 32, 'Appointment', '2025-07-30 09:00:00', 'Pending'),
(67, 13, 'Appointment', '2025-07-26 09:00:00', 'Sent'),
(68, 3, 'Appointment', '2025-07-29 09:00:00', 'Sent'),
(69, 1, 'Appointment', '2025-07-01 09:00:00', 'Pending'),
(70, 76, 'Medicine', '2025-07-29 09:00:00', 'Sent'),
(71, 61, 'Appointment', '2025-07-23 09:00:00', 'Pending'),
(72, 19, 'Vaccine', '2025-07-21 09:00:00', 'Sent'),
(73, 58, 'Appointment', '2025-07-14 09:00:00', 'Pending'),
(74, 79, 'Vaccine', '2025-07-23 09:00:00', 'Pending'),
(75, 24, 'Vaccine', '2025-07-23 09:00:00', 'Sent'),
(76, 12, 'Medicine', '2025-07-21 09:00:00', 'Sent'),
(77, 54, 'Appointment', '2025-07-01 09:00:00', 'Pending'),
(78, 16, 'Vaccine', '2025-07-17 09:00:00', 'Pending'),
(79, 47, 'Medicine', '2025-07-28 09:00:00', 'Pending'),
(80, 27, 'Appointment', '2025-07-09 09:00:00', 'Pending'),
(81, 15, 'Vaccine', '2025-07-26 09:00:00', 'Pending'),
(82, 61, 'Appointment', '2025-07-16 09:00:00', 'Pending'),
(83, 6, 'Medicine', '2025-07-02 09:00:00', 'Sent'),
(84, 27, 'Medicine', '2025-07-14 09:00:00', 'Sent'),
(85, 79, 'Appointment', '2025-07-26 09:00:00', 'Sent'),
(86, 14, 'Vaccine', '2025-07-24 09:00:00', 'Pending'),
(87, 23, 'Medicine', '2025-07-06 09:00:00', 'Pending'),
(88, 66, 'Appointment', '2025-07-04 09:00:00', 'Pending'),
(89, 57, 'Medicine', '2025-07-19 09:00:00', 'Sent'),
(90, 26, 'Appointment', '2025-07-24 09:00:00', 'Sent'),
(91, 15, 'Appointment', '2025-07-11 09:00:00', 'Pending'),
(92, 31, 'Appointment', '2025-07-24 09:00:00', 'Sent'),
(93, 49, 'Appointment', '2025-07-29 09:00:00', 'Pending'),
(94, 61, 'Appointment', '2025-07-19 09:00:00', 'Sent'),
(95, 56, 'Vaccine', '2025-07-05 09:00:00', 'Pending'),
(96, 59, 'Medicine', '2025-07-06 09:00:00', 'Sent'),
(97, 18, 'Vaccine', '2025-07-15 09:00:00', 'Pending'),
(98, 46, 'Medicine', '2025-07-09 09:00:00', 'Pending'),
(99, 17, 'Medicine', '2025-07-02 09:00:00', 'Pending'),
(100, 18, 'Medicine', '2025-07-04 09:00:00', 'Sent'),
(101, 123, 'Vaccine', '2025-02-20 09:00:00', 'Sent'),
(102, 127, 'Appointment', '2025-02-12 09:00:00', 'Pending'),
(103, 105, 'Appointment', '2025-03-09 09:00:00', 'Sent'),
(104, 76, 'Appointment', '2025-11-28 09:00:00', 'Pending'),
(105, 5, 'Medicine', '2025-12-09 09:00:00', 'Sent'),
(106, 42, 'Vaccine', '2025-08-24 09:00:00', 'Pending'),
(107, 117, 'Medicine', '2025-03-12 09:00:00', 'Sent'),
(108, 48, 'Medicine', '2025-11-17 09:00:00', 'Sent'),
(109, 1, 'Vaccine', '2025-02-06 09:00:00', 'Sent'),
(110, 86, 'Vaccine', '2025-01-17 09:00:00', 'Sent'),
(111, 110, 'Medicine', '2025-12-24 09:00:00', 'Pending'),
(112, 21, 'Vaccine', '2025-06-21 09:00:00', 'Pending'),
(113, 132, 'Vaccine', '2025-07-06 09:00:00', 'Pending'),
(114, 29, 'Medicine', '2025-07-07 09:00:00', 'Sent'),
(115, 11, 'Medicine', '2025-07-07 09:00:00', 'Pending'),
(116, 144, 'Vaccine', '2025-02-04 09:00:00', 'Pending'),
(117, 36, 'Medicine', '2025-05-03 09:00:00', 'Pending'),
(118, 123, 'Vaccine', '2025-10-25 09:00:00', 'Pending'),
(119, 58, 'Medicine', '2025-06-30 09:00:00', 'Sent'),
(120, 129, 'Vaccine', '2025-08-05 09:00:00', 'Sent'),
(121, 14, 'Appointment', '2025-07-10 09:00:00', 'Sent'),
(122, 116, 'Medicine', '2025-09-14 09:00:00', 'Pending'),
(123, 121, 'Vaccine', '2025-09-30 09:00:00', 'Sent'),
(124, 116, 'Vaccine', '2025-07-08 09:00:00', 'Pending'),
(125, 49, 'Medicine', '2025-02-14 09:00:00', 'Pending'),
(126, 101, 'Appointment', '2025-05-28 09:00:00', 'Pending'),
(127, 28, 'Appointment', '2025-05-22 09:00:00', 'Pending'),
(128, 38, 'Medicine', '2025-03-19 09:00:00', 'Pending'),
(129, 134, 'Vaccine', '2025-01-12 09:00:00', 'Sent'),
(130, 107, 'Vaccine', '2025-10-05 09:00:00', 'Pending'),
(131, 122, 'Medicine', '2025-08-04 09:00:00', 'Sent'),
(132, 6, 'Medicine', '2025-04-07 09:00:00', 'Pending'),
(133, 6, 'Appointment', '2025-09-24 09:00:00', 'Sent'),
(134, 106, 'Vaccine', '2025-06-25 09:00:00', 'Sent'),
(135, 125, 'Vaccine', '2025-12-07 09:00:00', 'Sent'),
(136, 118, 'Medicine', '2025-10-18 09:00:00', 'Pending'),
(137, 79, 'Appointment', '2025-05-14 09:00:00', 'Pending'),
(138, 124, 'Medicine', '2025-05-28 09:00:00', 'Pending'),
(139, 38, 'Medicine', '2025-05-26 09:00:00', 'Sent'),
(140, 43, 'Vaccine', '2025-03-24 09:00:00', 'Sent'),
(141, 47, 'Appointment', '2025-12-21 09:00:00', 'Pending'),
(142, 42, 'Appointment', '2025-03-01 09:00:00', 'Pending'),
(143, 82, 'Vaccine', '2025-03-06 09:00:00', 'Sent'),
(144, 67, 'Medicine', '2025-04-05 09:00:00', 'Pending'),
(145, 144, 'Vaccine', '2025-01-18 09:00:00', 'Sent'),
(146, 89, 'Appointment', '2025-07-10 09:00:00', 'Sent'),
(147, 139, 'Appointment', '2025-10-01 09:00:00', 'Sent'),
(148, 32, 'Appointment', '2025-07-27 09:00:00', 'Sent'),
(149, 38, 'Medicine', '2025-06-13 09:00:00', 'Pending'),
(150, 2, 'Vaccine', '2025-10-07 09:00:00', 'Sent'),
(151, 76, 'Medicine', '2025-05-29 09:00:00', 'Pending'),
(152, 145, 'Vaccine', '2025-08-15 09:00:00', 'Sent'),
(153, 29, 'Vaccine', '2025-09-03 09:00:00', 'Pending'),
(154, 36, 'Vaccine', '2025-10-10 09:00:00', 'Pending'),
(155, 79, 'Appointment', '2025-07-25 09:00:00', 'Pending'),
(156, 115, 'Medicine', '2025-02-17 09:00:00', 'Sent'),
(157, 15, 'Vaccine', '2025-11-25 09:00:00', 'Pending'),
(158, 150, 'Vaccine', '2025-04-24 09:00:00', 'Sent'),
(159, 51, 'Appointment', '2025-02-12 09:00:00', 'Sent'),
(160, 23, 'Vaccine', '2025-07-21 09:00:00', 'Pending'),
(161, 126, 'Medicine', '2025-11-05 09:00:00', 'Pending'),
(162, 93, 'Medicine', '2025-03-17 09:00:00', 'Sent'),
(163, 95, 'Medicine', '2025-07-10 09:00:00', 'Pending'),
(164, 73, 'Medicine', '2025-06-29 09:00:00', 'Sent'),
(165, 115, 'Vaccine', '2025-02-14 09:00:00', 'Pending'),
(166, 114, 'Vaccine', '2025-08-01 09:00:00', 'Sent'),
(167, 74, 'Appointment', '2025-08-06 09:00:00', 'Sent'),
(168, 36, 'Vaccine', '2025-11-03 09:00:00', 'Pending'),
(169, 37, 'Appointment', '2025-06-05 09:00:00', 'Sent'),
(170, 135, 'Medicine', '2025-02-03 09:00:00', 'Sent');

--
-- Triggers `reminders`
--
DELIMITER $$
CREATE TRIGGER `trg_reminder_created` AFTER INSERT ON `reminders` FOR EACH ROW BEGIN
    INSERT INTO audit_log(user_id, operation, table_name) VALUES (1, 'INSERT', 'reminders');
END
$$
DELIMITER ;

-- --------------------------------------------------------

--
-- Table structure for table `tokens`
--

CREATE TABLE `tokens` (
  `token_id` int(11) NOT NULL,
  `appointment_id` int(11) DEFAULT NULL,
  `token_number` int(11) DEFAULT NULL,
  `queue_position` int(11) DEFAULT NULL,
  `estimated_wait_time` int(11) DEFAULT NULL,
  `status` enum('Waiting','Serving','Done') DEFAULT NULL
) ENGINE=InnoDB DEFAULT CHARSET=utf8mb4 COLLATE=utf8mb4_general_ci;

--
-- Dumping data for table `tokens`
--

INSERT INTO `tokens` (`token_id`, `appointment_id`, `token_number`, `queue_position`, `estimated_wait_time`, `status`) VALUES
(1, 1, 1, 20, 51, 'Done'),
(2, 2, 2, 8, 39, 'Done'),
(3, 3, 3, 6, 15, 'Serving'),
(4, 4, 4, 17, 19, 'Serving'),
(5, 5, 5, 9, 49, 'Waiting'),
(6, 6, 6, 6, 44, 'Serving'),
(7, 7, 7, 15, 20, 'Done'),
(8, 8, 8, 11, 35, 'Serving'),
(9, 9, 9, 8, 18, 'Done'),
(10, 10, 10, 18, 43, 'Waiting'),
(11, 11, 11, 12, 57, 'Done'),
(12, 12, 12, 11, 49, 'Serving'),
(13, 13, 13, 9, 2, 'Waiting'),
(14, 14, 14, 2, 22, 'Serving'),
(15, 15, 15, 20, 16, 'Serving'),
(16, 16, 16, 15, 13, 'Done'),
(17, 17, 17, 17, 17, 'Waiting'),
(18, 18, 18, 8, 8, 'Done'),
(19, 19, 19, 19, 47, 'Waiting'),
(20, 20, 20, 7, 15, 'Done'),
(21, 21, 21, 16, 14, 'Waiting'),
(22, 22, 22, 7, 3, 'Done'),
(23, 23, 23, 13, 21, 'Waiting'),
(24, 24, 24, 15, 6, 'Done'),
(25, 25, 25, 4, 0, 'Done'),
(26, 26, 26, 5, 26, 'Done'),
(27, 27, 27, 15, 30, 'Done'),
(28, 28, 28, 6, 48, 'Done'),
(29, 29, 29, 10, 18, 'Serving'),
(30, 30, 30, 1, 58, 'Done'),
(31, 31, 31, 20, 36, 'Waiting'),
(32, 32, 32, 17, 47, 'Waiting'),
(33, 33, 33, 1, 58, 'Done'),
(34, 34, 34, 13, 56, 'Waiting'),
(35, 35, 35, 1, 53, 'Waiting'),
(36, 36, 36, 15, 11, 'Serving'),
(37, 37, 37, 9, 56, 'Done'),
(38, 38, 38, 0, 19, 'Waiting'),
(39, 39, 39, 19, 6, 'Done'),
(40, 40, 40, 9, 29, 'Serving'),
(41, 41, 41, 17, 33, 'Done'),
(42, 42, 42, 4, 54, 'Serving'),
(43, 43, 43, 14, 17, 'Done'),
(44, 44, 44, 3, 21, 'Waiting'),
(45, 45, 45, 14, 41, 'Waiting'),
(46, 46, 46, 5, 0, 'Serving'),
(47, 47, 47, 10, 50, 'Done'),
(48, 48, 48, 18, 43, 'Serving'),
(49, 49, 49, 5, 39, 'Waiting'),
(50, 50, 50, 12, 52, 'Done'),
(51, 51, 51, 16, 20, 'Serving'),
(52, 52, 52, 12, 42, 'Waiting'),
(53, 53, 53, 5, 8, 'Waiting'),
(54, 54, 54, 10, 59, 'Serving'),
(55, 55, 55, 0, 16, 'Waiting'),
(56, 56, 56, 7, 28, 'Serving'),
(57, 57, 57, 10, 19, 'Serving'),
(58, 58, 58, 18, 0, 'Done'),
(59, 59, 59, 20, 23, 'Serving'),
(60, 60, 60, 7, 3, 'Done'),
(61, 61, 61, 3, 29, 'Done'),
(62, 62, 62, 5, 25, 'Serving'),
(63, 63, 63, 16, 59, 'Done'),
(64, 64, 64, 9, 44, 'Done'),
(65, 65, 65, 20, 58, 'Waiting'),
(66, 66, 66, 11, 39, 'Serving'),
(67, 67, 67, 7, 8, 'Waiting'),
(68, 68, 68, 4, 29, 'Serving'),
(69, 69, 69, 19, 23, 'Done'),
(70, 70, 70, 17, 58, 'Serving'),
(71, 71, 71, 17, 51, 'Serving'),
(72, 72, 72, 6, 48, 'Done'),
(73, 73, 73, 19, 55, 'Waiting'),
(74, 74, 74, 16, 28, 'Waiting'),
(75, 75, 75, 11, 4, 'Done'),
(76, 76, 76, 3, 3, 'Done'),
(77, 77, 77, 16, 12, 'Done'),
(78, 78, 78, 17, 9, 'Done'),
(79, 79, 79, 10, 54, 'Waiting'),
(80, 80, 80, 14, 7, 'Done'),
(81, 81, 81, 6, 45, 'Done'),
(82, 82, 82, 15, 5, 'Done'),
(83, 83, 83, 14, 51, 'Done'),
(84, 84, 84, 14, 8, 'Waiting'),
(85, 85, 85, 13, 29, 'Done'),
(86, 86, 86, 1, 35, 'Done'),
(87, 87, 87, 9, 46, 'Serving'),
(88, 88, 88, 12, 16, 'Waiting'),
(89, 89, 89, 6, 37, 'Waiting'),
(90, 90, 90, 1, 27, 'Waiting'),
(91, 91, 91, 2, 34, 'Serving'),
(92, 92, 92, 2, 59, 'Waiting'),
(93, 93, 93, 1, 18, 'Serving'),
(94, 94, 94, 5, 49, 'Serving'),
(95, 95, 95, 20, 46, 'Waiting'),
(96, 96, 96, 13, 23, 'Done'),
(97, 97, 97, 14, 55, 'Serving'),
(98, 98, 98, 12, 5, 'Serving'),
(99, 99, 99, 17, 8, 'Done'),
(100, 100, 100, 11, 7, 'Done'),
(101, 101, 23, 16, 39, 'Serving'),
(102, 102, 23, 30, 41, 'Done'),
(103, 103, 21, 13, 22, 'Waiting'),
(104, 104, 2, 11, 43, 'Waiting'),
(105, 105, 2, 29, 56, 'Serving'),
(106, 106, 4, 26, 35, 'Done'),
(107, 107, 23, 25, 42, 'Waiting'),
(108, 108, 11, 4, 20, 'Done'),
(109, 109, 16, 9, 39, 'Done'),
(110, 110, 4, 25, 19, 'Done'),
(111, 111, 25, 12, 58, 'Waiting'),
(112, 112, 12, 8, 42, 'Serving'),
(113, 113, 23, 30, 42, 'Waiting'),
(114, 114, 23, 19, 41, 'Waiting'),
(115, 115, 37, 7, 58, 'Serving'),
(116, 116, 35, 10, 16, 'Serving'),
(117, 117, 3, 3, 8, 'Waiting'),
(118, 118, 39, 8, 6, 'Done'),
(119, 119, 31, 1, 26, 'Done'),
(120, 120, 13, 26, 13, 'Serving'),
(121, 121, 12, 30, 56, 'Serving'),
(122, 122, 4, 1, 14, 'Done'),
(123, 123, 10, 25, 12, 'Done'),
(124, 124, 24, 3, 28, 'Done'),
(125, 125, 26, 19, 11, 'Serving'),
(126, 126, 20, 11, 13, 'Waiting'),
(127, 127, 28, 26, 45, 'Serving'),
(128, 128, 21, 6, 50, 'Done'),
(129, 129, 40, 26, 27, 'Waiting'),
(130, 130, 38, 27, 16, 'Serving'),
(131, 131, 20, 24, 49, 'Serving'),
(132, 132, 9, 6, 51, 'Waiting'),
(133, 133, 37, 13, 59, 'Done'),
(134, 134, 3, 6, 43, 'Serving'),
(135, 135, 40, 8, 45, 'Done'),
(136, 136, 7, 30, 36, 'Waiting'),
(137, 137, 22, 24, 9, 'Waiting'),
(138, 138, 23, 11, 15, 'Done'),
(139, 139, 6, 27, 50, 'Done'),
(140, 140, 22, 15, 5, 'Serving'),
(141, 141, 14, 8, 49, 'Waiting'),
(142, 142, 23, 9, 55, 'Waiting'),
(143, 143, 1, 2, 29, 'Serving'),
(144, 144, 27, 6, 31, 'Serving'),
(145, 145, 25, 12, 39, 'Serving'),
(146, 146, 7, 27, 35, 'Done'),
(147, 147, 15, 6, 33, 'Waiting'),
(148, 148, 3, 10, 6, 'Serving'),
(149, 149, 17, 4, 9, 'Serving'),
(150, 150, 11, 29, 29, 'Waiting'),
(151, 151, 5, 18, 10, 'Serving'),
(152, 152, 39, 20, 35, 'Done'),
(153, 153, 2, 14, 46, 'Waiting'),
(154, 154, 39, 29, 32, 'Waiting'),
(155, 155, 4, 4, 26, 'Waiting'),
(156, 156, 13, 14, 49, 'Done'),
(157, 157, 35, 9, 47, 'Serving'),
(158, 158, 20, 8, 11, 'Waiting'),
(159, 159, 26, 19, 40, 'Serving'),
(160, 160, 10, 2, 28, 'Waiting'),
(161, 161, 28, 3, 23, 'Done'),
(162, 162, 39, 16, 17, 'Waiting'),
(163, 163, 2, 7, 15, 'Done'),
(164, 164, 19, 3, 35, 'Waiting'),
(165, 165, 20, 26, 30, 'Serving'),
(166, 166, 32, 29, 47, 'Serving'),
(167, 167, 6, 21, 39, 'Serving'),
(168, 168, 12, 12, 29, 'Serving'),
(169, 169, 12, 15, 7, 'Serving'),
(170, 170, 29, 15, 21, 'Waiting');

-- --------------------------------------------------------

--
-- Table structure for table `users`
--

CREATE TABLE `users` (
  `user_id` int(11) NOT NULL,
  `username` varchar(50) NOT NULL,
  `password` varchar(255) NOT NULL,
  `role` enum('Admin','Doctor','Receptionist','Pharmacy','Lab Staff','Patient') DEFAULT NULL,
  `status` enum('Active','Inactive') DEFAULT 'Active',
  `created_at` datetime DEFAULT current_timestamp()
) ENGINE=InnoDB DEFAULT CHARSET=utf8mb4 COLLATE=utf8mb4_general_ci;

--
-- Dumping data for table `users`
--

INSERT INTO `users` (`user_id`, `username`, `password`, `role`, `status`, `created_at`) VALUES
(1, 'user1', 'pass1', 'Admin', 'Active', '2025-01-02 00:00:00'),
(2, 'user2', 'pass2', 'Doctor', 'Active', '2025-01-03 00:00:00'),
(3, 'user3', 'pass3', 'Receptionist', 'Active', '2025-01-04 00:00:00'),
(4, 'user4', 'pass4', 'Pharmacy', 'Active', '2025-01-05 00:00:00'),
(5, 'user5', 'pass5', 'Lab Staff', 'Active', '2025-01-06 00:00:00'),
(6, 'user6', 'pass6', 'Admin', 'Active', '2025-01-07 00:00:00'),
(7, 'user7', 'pass7', 'Doctor', 'Active', '2025-01-08 00:00:00'),
(8, 'user8', 'pass8', 'Receptionist', 'Active', '2025-01-09 00:00:00'),
(9, 'user9', 'pass9', 'Pharmacy', 'Active', '2025-01-10 00:00:00'),
(10, 'user10', 'pass10', 'Lab Staff', 'Inactive', '2025-01-11 00:00:00'),
(11, 'user11', 'pass11', 'Admin', 'Active', '2025-01-12 00:00:00'),
(12, 'user12', 'pass12', 'Doctor', 'Active', '2025-01-13 00:00:00'),
(13, 'user13', 'pass13', 'Receptionist', 'Active', '2025-01-14 00:00:00'),
(14, 'user14', 'pass14', 'Pharmacy', 'Active', '2025-01-15 00:00:00'),
(15, 'user15', 'pass15', 'Lab Staff', 'Active', '2025-01-16 00:00:00'),
(16, 'user16', 'pass16', 'Admin', 'Active', '2025-01-17 00:00:00'),
(17, 'user17', 'pass17', 'Doctor', 'Active', '2025-01-18 00:00:00'),
(18, 'user18', 'pass18', 'Receptionist', 'Active', '2025-01-19 00:00:00'),
(19, 'user19', 'pass19', 'Pharmacy', 'Active', '2025-01-20 00:00:00'),
(20, 'user20', 'pass20', 'Lab Staff', 'Inactive', '2025-01-21 00:00:00'),
(21, 'user21', 'pass21', 'Admin', 'Active', '2025-01-22 00:00:00'),
(22, 'user22', 'pass22', 'Doctor', 'Active', '2025-01-23 00:00:00'),
(23, 'user23', 'pass23', 'Receptionist', 'Active', '2025-01-24 00:00:00'),
(24, 'user24', 'pass24', 'Pharmacy', 'Active', '2025-01-25 00:00:00'),
(25, 'user25', 'pass25', 'Lab Staff', 'Active', '2025-01-26 00:00:00'),
(26, 'user26', 'pass26', 'Admin', 'Active', '2025-01-27 00:00:00'),
(27, 'user27', 'pass27', 'Doctor', 'Active', '2025-01-28 00:00:00'),
(28, 'user28', 'pass28', 'Receptionist', 'Active', '2025-01-29 00:00:00'),
(29, 'user29', 'pass29', 'Pharmacy', 'Active', '2025-01-30 00:00:00'),
(30, 'user30', 'pass30', 'Lab Staff', 'Inactive', '2025-01-31 00:00:00'),
(31, 'user31', 'pass31', 'Admin', 'Active', '2025-02-01 00:00:00'),
(32, 'user32', 'pass32', 'Doctor', 'Active', '2025-02-02 00:00:00'),
(33, 'user33', 'pass33', 'Receptionist', 'Active', '2025-02-03 00:00:00'),
(34, 'user34', 'pass34', 'Pharmacy', 'Active', '2025-02-04 00:00:00'),
(35, 'user35', 'pass35', 'Lab Staff', 'Active', '2025-02-05 00:00:00'),
(36, 'user36', 'pass36', 'Admin', 'Active', '2025-02-06 00:00:00'),
(37, 'user37', 'pass37', 'Doctor', 'Active', '2025-02-07 00:00:00'),
(38, 'user38', 'pass38', 'Receptionist', 'Active', '2025-02-08 00:00:00'),
(39, 'user39', 'pass39', 'Pharmacy', 'Active', '2025-02-09 00:00:00'),
(40, 'user40', 'pass40', 'Lab Staff', 'Inactive', '2025-02-10 00:00:00'),
(41, 'user41', 'pass41', 'Admin', 'Active', '2025-02-11 00:00:00'),
(42, 'user42', 'pass42', 'Doctor', 'Active', '2025-02-12 00:00:00'),
(43, 'user43', 'pass43', 'Receptionist', 'Active', '2025-02-13 00:00:00'),
(44, 'user44', 'pass44', 'Pharmacy', 'Active', '2025-02-14 00:00:00'),
(45, 'user45', 'pass45', 'Lab Staff', 'Active', '2025-02-15 00:00:00'),
(46, 'user46', 'pass46', 'Admin', 'Active', '2025-02-16 00:00:00'),
(47, 'user47', 'pass47', 'Doctor', 'Active', '2025-02-17 00:00:00'),
(48, 'user48', 'pass48', 'Receptionist', 'Active', '2025-02-18 00:00:00'),
(49, 'user49', 'pass49', 'Pharmacy', 'Active', '2025-02-19 00:00:00'),
(50, 'user50', 'pass50', 'Lab Staff', 'Inactive', '2025-02-20 00:00:00'),
(51, 'user51', 'pass51', 'Receptionist', 'Active', '2025-05-21 00:00:00'),
(52, 'user52', 'pass52', 'Doctor', 'Active', '2025-02-22 00:00:00'),
(53, 'user53', 'pass53', 'Receptionist', 'Active', '2025-02-14 00:00:00'),
(54, 'user54', 'pass54', 'Receptionist', 'Active', '2025-02-17 00:00:00'),
(55, 'user55', 'pass55', 'Doctor', 'Active', '2025-01-14 00:00:00'),
(56, 'user56', 'pass56', 'Receptionist', 'Active', '2025-12-26 00:00:00'),
(57, 'user57', 'pass57', 'Doctor', 'Active', '2025-10-29 00:00:00'),
(58, 'user58', 'pass58', 'Doctor', 'Active', '2025-03-23 00:00:00'),
(59, 'user59', 'pass59', 'Receptionist', 'Active', '2025-03-21 00:00:00'),
(60, 'user60', 'pass60', 'Doctor', 'Active', '2025-02-22 00:00:00'),
(61, 'user61', 'pass61', 'Admin', 'Active', '2025-06-26 00:00:00'),
(62, 'user62', 'pass62', 'Receptionist', 'Active', '2025-08-24 00:00:00'),
(63, 'user63', 'pass63', 'Doctor', 'Inactive', '2025-07-13 00:00:00'),
(64, 'user64', 'pass64', 'Admin', 'Active', '2025-11-18 00:00:00'),
(65, 'user65', 'pass65', 'Receptionist', 'Active', '2025-10-23 00:00:00'),
(66, 'user66', 'pass66', 'Doctor', 'Active', '2025-12-05 00:00:00'),
(67, 'user67', 'pass67', 'Doctor', 'Active', '2025-02-10 00:00:00'),
(68, 'user68', 'pass68', 'Pharmacy', 'Active', '2025-07-14 00:00:00'),
(69, 'user69', 'pass69', 'Doctor', 'Active', '2025-07-06 00:00:00'),
(70, 'user70', 'pass70', 'Doctor', 'Active', '2025-12-10 00:00:00'),
(71, 'user71', 'pass71', 'Doctor', 'Inactive', '2025-11-28 00:00:00'),
(72, 'user72', 'pass72', 'Admin', 'Active', '2025-10-01 00:00:00'),
(73, 'user73', 'pass73', 'Receptionist', 'Active', '2025-07-14 00:00:00'),
(74, 'user74', 'pass74', 'Doctor', 'Inactive', '2025-12-19 00:00:00'),
(75, 'user75', 'pass75', 'Receptionist', 'Active', '2025-01-29 00:00:00'),
(76, 'user76', 'pass76', 'Doctor', 'Active', '2025-06-11 00:00:00'),
(77, 'user77', 'pass77', 'Doctor', 'Active', '2025-10-18 00:00:00'),
(78, 'user78', 'pass78', 'Pharmacy', 'Active', '2025-12-02 00:00:00'),
(79, 'user79', 'pass79', 'Doctor', 'Active', '2025-11-26 00:00:00'),
(80, 'user80', 'pass80', 'Doctor', 'Active', '2025-05-07 00:00:00'),
(81, 'manavvora0126@gmail.com', 'pass1', 'Patient', 'Active', '2026-07-16 18:37:35'),
(82, 'patient2@mail.com', 'pass2', 'Patient', 'Active', '2026-07-16 18:37:35'),
(83, 'patient3@mail.com', 'pass3', 'Patient', 'Active', '2026-07-16 18:37:35'),
(84, 'patient4@mail.com', 'pass4', 'Patient', 'Active', '2026-07-16 18:37:35'),
(85, 'patient5@mail.com', 'pass5', 'Patient', 'Active', '2026-07-16 18:37:35'),
(86, 'patient6@mail.com', 'pass6', 'Patient', 'Active', '2026-07-16 18:37:35'),
(87, 'patient7@mail.com', 'pass7', 'Patient', 'Active', '2026-07-16 18:37:35'),
(88, 'patient8@mail.com', 'pass8', 'Patient', 'Active', '2026-07-16 18:37:35'),
(89, 'patient9@mail.com', 'pass9', 'Patient', 'Active', '2026-07-16 18:37:35'),
(90, 'patient10@mail.com', 'pass10', 'Patient', 'Active', '2026-07-16 18:37:35'),
(91, 'patient11@mail.com', 'pass11', 'Patient', 'Active', '2026-07-16 18:37:35'),
(92, 'patient12@mail.com', 'pass12', 'Patient', 'Active', '2026-07-16 18:37:35'),
(93, 'patient13@mail.com', 'pass13', 'Patient', 'Active', '2026-07-16 18:37:35'),
(94, 'patient14@mail.com', 'pass14', 'Patient', 'Active', '2026-07-16 18:37:35'),
(95, 'patient15@mail.com', 'pass15', 'Patient', 'Active', '2026-07-16 18:37:35'),
(96, 'patient16@mail.com', 'pass16', 'Patient', 'Active', '2026-07-16 18:37:35'),
(97, 'patient17@mail.com', 'pass17', 'Patient', 'Active', '2026-07-16 18:37:35'),
(98, 'patient18@mail.com', 'pass18', 'Patient', 'Active', '2026-07-16 18:37:35'),
(99, 'patient19@mail.com', 'pass19', 'Patient', 'Active', '2026-07-16 18:37:35'),
(100, 'patient20@mail.com', 'pass20', 'Patient', 'Active', '2026-07-16 18:37:35');

--
-- Triggers `users`
--
DELIMITER $$
CREATE TRIGGER `trg_profile_updated` AFTER UPDATE ON `users` FOR EACH ROW BEGIN
    INSERT INTO audit_log(user_id, operation, table_name) VALUES (NEW.user_id, 'UPDATE', 'users');
END
$$
DELIMITER ;

-- --------------------------------------------------------

--
-- Table structure for table `vaccinations`
--

CREATE TABLE `vaccinations` (
  `vaccination_id` int(11) NOT NULL,
  `patient_id` int(11) NOT NULL,
  `vaccine_name` varchar(100) DEFAULT NULL,
  `date` date DEFAULT NULL,
  `next_due` date DEFAULT NULL
) ENGINE=InnoDB DEFAULT CHARSET=utf8mb4 COLLATE=utf8mb4_general_ci;

--
-- Dumping data for table `vaccinations`
--

INSERT INTO `vaccinations` (`vaccination_id`, `patient_id`, `vaccine_name`, `date`, `next_due`) VALUES
(1, 53, 'COVID Booster', '2025-01-09', '2026-01-09'),
(2, 29, 'Tetanus', '2025-12-22', '2026-12-22'),
(3, 27, 'COVID Booster', '2025-02-06', '2026-02-06'),
(4, 79, 'Hepatitis B', '2025-08-23', '2026-08-23'),
(5, 59, 'COVID Booster', '2025-04-14', '2026-04-14'),
(6, 6, 'COVID Booster', '2025-10-24', '2026-10-24'),
(7, 41, 'MMR', '2025-07-20', '2026-07-20'),
(8, 74, 'DTP Booster', '2025-10-18', '2026-10-18'),
(9, 5, 'COVID Booster', '2025-09-04', '2026-09-04'),
(10, 59, 'DTP Booster', '2025-01-08', '2026-01-08'),
(11, 69, 'Influenza', '2025-07-24', '2026-07-24'),
(12, 72, 'MMR', '2025-07-17', '2026-07-17'),
(13, 7, 'COVID Booster', '2025-04-10', '2026-04-10'),
(14, 51, 'Hepatitis B', '2025-05-25', '2026-05-25'),
(15, 60, 'Hepatitis B', '2025-03-14', '2026-03-14'),
(16, 79, 'DTP Booster', '2025-01-23', '2026-01-23'),
(17, 19, 'MMR', '2025-08-27', '2026-08-27'),
(18, 58, 'DTP Booster', '2025-02-24', '2026-02-24'),
(19, 15, 'DTP Booster', '2025-03-25', '2026-03-25'),
(20, 70, 'COVID Booster', '2025-03-13', '2026-03-13'),
(21, 42, 'Tetanus', '2025-08-01', '2026-08-01'),
(22, 59, 'Tetanus', '2025-10-23', '2026-10-23'),
(23, 59, 'Hepatitis B', '2025-02-09', '2026-02-09'),
(24, 21, 'Influenza', '2025-12-24', '2026-12-24'),
(25, 12, 'COVID Booster', '2025-02-23', '2026-02-23'),
(26, 47, 'MMR', '2025-02-17', '2026-02-17'),
(27, 50, 'DTP Booster', '2025-12-26', '2026-12-26'),
(28, 79, 'DTP Booster', '2025-03-13', '2026-03-13'),
(29, 49, 'Tetanus', '2025-01-25', '2026-01-25'),
(30, 43, 'MMR', '2025-10-28', '2026-10-28'),
(31, 20, 'Tetanus', '2025-03-28', '2026-03-28'),
(32, 23, 'COVID Booster', '2025-12-02', '2026-12-02'),
(33, 40, 'COVID Booster', '2025-05-24', '2026-05-24'),
(34, 37, 'Influenza', '2025-11-06', '2026-11-06'),
(35, 17, 'DTP Booster', '2025-04-01', '2026-04-01'),
(36, 33, 'COVID Booster', '2025-01-15', '2026-01-15'),
(37, 64, 'Influenza', '2025-09-26', '2026-09-26'),
(38, 78, 'Tetanus', '2025-08-08', '2026-08-08'),
(39, 76, 'COVID Booster', '2025-11-16', '2026-11-16'),
(40, 53, 'DTP Booster', '2025-08-03', '2026-08-03'),
(41, 77, 'DTP Booster', '2025-01-08', '2026-01-08'),
(42, 36, 'DTP Booster', '2025-10-21', '2026-10-21'),
(43, 27, 'Tetanus', '2025-01-06', '2026-01-06'),
(44, 8, 'Influenza', '2025-11-12', '2026-11-12'),
(45, 19, 'DTP Booster', '2025-01-22', '2026-01-22'),
(46, 78, 'Influenza', '2025-05-11', '2026-05-11'),
(47, 7, 'Tetanus', '2025-02-14', '2026-02-14'),
(48, 21, 'DTP Booster', '2025-11-10', '2026-11-10'),
(49, 77, 'DTP Booster', '2025-10-26', '2026-10-26'),
(50, 23, 'DTP Booster', '2025-08-24', '2026-08-24'),
(51, 47, 'Hepatitis B', '2025-01-03', '2026-01-03'),
(52, 42, 'Influenza', '2025-06-13', '2026-06-13'),
(53, 55, 'Hepatitis B', '2025-09-03', '2026-09-03'),
(54, 61, 'MMR', '2025-03-04', '2026-03-04'),
(55, 36, 'COVID Booster', '2025-06-17', '2026-06-17'),
(56, 68, 'Tetanus', '2025-04-23', '2026-04-23'),
(57, 79, 'DTP Booster', '2025-01-04', '2026-01-04'),
(58, 68, 'MMR', '2025-02-16', '2026-02-16'),
(59, 78, 'COVID Booster', '2025-12-10', '2026-12-10'),
(60, 78, 'DTP Booster', '2025-06-09', '2026-06-09'),
(61, 74, 'Tetanus', '2025-10-12', '2026-10-12'),
(62, 79, 'DTP Booster', '2025-10-16', '2026-10-16'),
(63, 64, 'Tetanus', '2025-08-26', '2026-08-26'),
(64, 79, 'Hepatitis B', '2025-04-23', '2026-04-23'),
(65, 25, 'Influenza', '2025-01-04', '2026-01-04'),
(66, 60, 'Influenza', '2025-11-26', '2026-11-26'),
(67, 27, 'COVID Booster', '2025-10-14', '2026-10-14'),
(68, 6, 'DTP Booster', '2025-06-12', '2026-06-12'),
(69, 28, 'Tetanus', '2025-01-21', '2026-01-21'),
(70, 37, 'Influenza', '2025-05-26', '2026-05-26'),
(71, 40, 'DTP Booster', '2025-05-17', '2026-05-17'),
(72, 42, 'MMR', '2025-01-04', '2026-01-04'),
(73, 43, 'MMR', '2025-06-13', '2026-06-13'),
(74, 73, 'Tetanus', '2025-10-01', '2026-10-01'),
(75, 25, 'Hepatitis B', '2025-06-27', '2026-06-27'),
(76, 62, 'Influenza', '2025-08-26', '2026-08-26'),
(77, 18, 'MMR', '2025-08-05', '2026-08-05'),
(78, 59, 'COVID Booster', '2025-09-11', '2026-09-11'),
(79, 53, 'DTP Booster', '2025-12-02', '2026-12-02'),
(80, 39, 'MMR', '2025-10-24', '2026-10-24'),
(81, 41, 'Influenza', '2025-09-18', '2026-09-18'),
(82, 27, 'Hepatitis B', '2025-10-22', '2026-10-22'),
(83, 46, 'Hepatitis B', '2025-02-05', '2026-02-05'),
(84, 4, 'MMR', '2025-06-13', '2026-06-13'),
(85, 69, 'DTP Booster', '2025-03-19', '2026-03-19'),
(86, 50, 'Influenza', '2025-03-20', '2026-03-20'),
(87, 40, 'Hepatitis B', '2025-12-28', '2026-12-28'),
(88, 5, 'Influenza', '2025-05-14', '2026-05-14'),
(89, 64, 'COVID Booster', '2025-04-12', '2026-04-12'),
(90, 39, 'Hepatitis B', '2025-04-17', '2026-04-17'),
(91, 23, 'Influenza', '2025-02-12', '2026-02-12'),
(92, 26, 'DTP Booster', '2025-02-15', '2026-02-15'),
(93, 4, 'Tetanus', '2025-08-17', '2026-08-17'),
(94, 25, 'MMR', '2025-06-16', '2026-06-16'),
(95, 68, 'Hepatitis B', '2025-05-25', '2026-05-25'),
(96, 19, 'DTP Booster', '2025-02-27', '2026-02-27'),
(97, 17, 'Influenza', '2025-04-24', '2026-04-24'),
(98, 59, 'DTP Booster', '2025-07-23', '2026-07-23'),
(99, 15, 'Influenza', '2025-01-10', '2026-01-10'),
(100, 77, 'COVID Booster', '2025-02-11', '2026-02-11'),
(101, 89, 'Tetanus', '2025-10-26', '2026-10-26'),
(102, 3, 'Pneumococcal', '2025-03-07', '2026-03-07'),
(103, 76, 'COVID Booster', '2025-07-09', '2026-07-09'),
(104, 141, 'COVID Booster', '2025-01-01', '2026-01-01'),
(105, 144, 'MMR', '2025-02-26', '2026-02-26'),
(106, 73, 'COVID Booster', '2025-05-01', '2026-05-01'),
(107, 111, 'Pneumococcal', '2025-11-17', '2026-11-17'),
(108, 82, 'Pneumococcal', '2025-07-27', '2026-07-27'),
(109, 98, 'Pneumococcal', '2025-10-07', '2026-10-07'),
(110, 55, 'Hepatitis B', '2025-09-01', '2026-09-01'),
(111, 36, 'Influenza', '2025-10-12', '2026-10-12'),
(112, 99, 'MMR', '2025-08-02', '2026-08-02'),
(113, 40, 'Typhoid', '2025-12-10', '2026-12-10'),
(114, 33, 'Hepatitis B', '2025-01-06', '2026-01-06'),
(115, 19, 'COVID Booster', '2025-03-15', '2026-03-15'),
(116, 125, 'Pneumococcal', '2025-03-11', '2026-03-11'),
(117, 22, 'Hepatitis B', '2025-11-25', '2026-11-25'),
(118, 107, 'HPV', '2025-12-23', '2026-12-23'),
(119, 109, 'Hepatitis B', '2025-08-21', '2026-08-21'),
(120, 131, 'Pneumococcal', '2025-10-10', '2026-10-10'),
(121, 116, 'Pneumococcal', '2025-07-01', '2026-07-01'),
(122, 58, 'Hepatitis B', '2025-08-06', '2026-08-06'),
(123, 2, 'HPV', '2025-05-02', '2026-05-02'),
(124, 129, 'Typhoid', '2025-07-30', '2026-07-30'),
(125, 140, 'MMR', '2025-01-18', '2026-01-18'),
(126, 10, 'HPV', '2025-12-27', '2026-12-27'),
(127, 95, 'Tetanus', '2025-10-25', '2026-10-25'),
(128, 124, 'Tetanus', '2025-03-14', '2026-03-14'),
(129, 135, 'Typhoid', '2025-08-27', '2026-08-27'),
(130, 133, 'Tetanus', '2025-09-25', '2026-09-25'),
(131, 23, 'Influenza', '2025-08-30', '2026-08-30'),
(132, 20, 'Typhoid', '2025-11-10', '2026-11-10'),
(133, 14, 'MMR', '2025-10-01', '2026-10-01'),
(134, 3, 'HPV', '2025-08-21', '2026-08-21'),
(135, 132, 'HPV', '2025-10-21', '2026-10-21'),
(136, 85, 'Pneumococcal', '2025-06-30', '2026-06-30'),
(137, 76, 'Typhoid', '2025-03-27', '2026-03-27'),
(138, 10, 'Typhoid', '2025-10-16', '2026-10-16'),
(139, 67, 'COVID Booster', '2025-11-19', '2026-11-19'),
(140, 122, 'Hepatitis B', '2025-10-21', '2026-10-21'),
(141, 14, 'Typhoid', '2025-11-16', '2026-11-16'),
(142, 7, 'Typhoid', '2025-09-06', '2026-09-06'),
(143, 22, 'Hepatitis B', '2025-09-16', '2026-09-16'),
(144, 20, 'Typhoid', '2025-05-10', '2026-05-10'),
(145, 34, 'Typhoid', '2025-05-21', '2026-05-21'),
(146, 66, 'COVID Booster', '2025-02-27', '2026-02-27'),
(147, 45, 'Hepatitis B', '2025-12-04', '2026-12-04'),
(148, 115, 'MMR', '2025-03-31', '2026-03-31'),
(149, 67, 'Influenza', '2025-09-06', '2026-09-06'),
(150, 47, 'COVID Booster', '2025-06-25', '2026-06-25'),
(151, 22, 'Hepatitis B', '2025-11-01', '2026-11-01'),
(152, 40, 'HPV', '2025-07-31', '2026-07-31'),
(153, 99, 'Influenza', '2025-12-05', '2026-12-05'),
(154, 113, 'Hepatitis B', '2025-04-18', '2026-04-18'),
(155, 148, 'MMR', '2025-01-28', '2026-01-28'),
(156, 68, 'Tetanus', '2025-01-27', '2026-01-27'),
(157, 43, 'HPV', '2025-07-24', '2026-07-24'),
(158, 122, 'Typhoid', '2025-09-01', '2026-09-01'),
(159, 137, 'Influenza', '2025-07-14', '2026-07-14'),
(160, 100, 'HPV', '2025-05-15', '2026-05-15'),
(161, 38, 'Pneumococcal', '2025-01-07', '2026-01-07'),
(162, 74, 'HPV', '2025-07-15', '2026-07-15'),
(163, 81, 'COVID Booster', '2025-02-19', '2026-02-19'),
(164, 137, 'MMR', '2025-08-10', '2026-08-10'),
(165, 70, 'MMR', '2025-05-19', '2026-05-19'),
(166, 69, 'Tetanus', '2025-05-11', '2026-05-11'),
(167, 150, 'Pneumococcal', '2025-08-25', '2026-08-25'),
(168, 62, 'Influenza', '2025-09-24', '2026-09-24'),
(169, 87, 'Hepatitis B', '2025-06-10', '2026-06-10'),
(170, 141, 'COVID Booster', '2025-12-11', '2026-12-11');

--
-- Indexes for dumped tables
--

--
-- Indexes for table `appointments`
--
ALTER TABLE `appointments`
  ADD PRIMARY KEY (`appointment_id`),
  ADD KEY `patient_id` (`patient_id`),
  ADD KEY `doctor_id` (`doctor_id`);

--
-- Indexes for table `audit_log`
--
ALTER TABLE `audit_log`
  ADD PRIMARY KEY (`log_id`),
  ADD KEY `user_id` (`user_id`);

--
-- Indexes for table `departments`
--
ALTER TABLE `departments`
  ADD PRIMARY KEY (`department_id`);

--
-- Indexes for table `diet_plan`
--
ALTER TABLE `diet_plan`
  ADD PRIMARY KEY (`diet_id`),
  ADD KEY `patient_id` (`patient_id`),
  ADD KEY `doctor_id` (`doctor_id`);

--
-- Indexes for table `doctors`
--
ALTER TABLE `doctors`
  ADD PRIMARY KEY (`doctor_id`),
  ADD KEY `department_id` (`department_id`),
  ADD KEY `user_id` (`user_id`);

--
-- Indexes for table `feedback`
--
ALTER TABLE `feedback`
  ADD PRIMARY KEY (`feedback_id`),
  ADD KEY `patient_id` (`patient_id`),
  ADD KEY `doctor_id` (`doctor_id`);

--
-- Indexes for table `follow_up`
--
ALTER TABLE `follow_up`
  ADD PRIMARY KEY (`followup_id`),
  ADD KEY `patient_id` (`patient_id`),
  ADD KEY `doctor_id` (`doctor_id`);

--
-- Indexes for table `lab_tests`
--
ALTER TABLE `lab_tests`
  ADD PRIMARY KEY (`test_id`),
  ADD KEY `patient_id` (`patient_id`),
  ADD KEY `doctor_id` (`doctor_id`);

--
-- Indexes for table `login_history`
--
ALTER TABLE `login_history`
  ADD PRIMARY KEY (`login_id`),
  ADD KEY `user_id` (`user_id`);

--
-- Indexes for table `medical_history`
--
ALTER TABLE `medical_history`
  ADD PRIMARY KEY (`history_id`),
  ADD KEY `patient_id` (`patient_id`);

--
-- Indexes for table `medicine_issue`
--
ALTER TABLE `medicine_issue`
  ADD PRIMARY KEY (`issue_id`),
  ADD KEY `patient_id` (`patient_id`),
  ADD KEY `medicine_id` (`medicine_id`);

--
-- Indexes for table `patients`
--
ALTER TABLE `patients`
  ADD PRIMARY KEY (`patient_id`),
  ADD UNIQUE KEY `health_id` (`health_id`),
  ADD KEY `user_id` (`user_id`);

--
-- Indexes for table `payments`
--
ALTER TABLE `payments`
  ADD PRIMARY KEY (`payment_id`),
  ADD KEY `patient_id` (`patient_id`),
  ADD KEY `appointment_id` (`appointment_id`);

--
-- Indexes for table `pharmacy`
--
ALTER TABLE `pharmacy`
  ADD PRIMARY KEY (`medicine_id`);

--
-- Indexes for table `prescriptions`
--
ALTER TABLE `prescriptions`
  ADD PRIMARY KEY (`prescription_id`),
  ADD KEY `patient_id` (`patient_id`),
  ADD KEY `doctor_id` (`doctor_id`),
  ADD KEY `visit_id` (`visit_id`);

--
-- Indexes for table `prescription_medicines`
--
ALTER TABLE `prescription_medicines`
  ADD PRIMARY KEY (`id`),
  ADD KEY `prescription_id` (`prescription_id`);

--
-- Indexes for table `queue`
--
ALTER TABLE `queue`
  ADD PRIMARY KEY (`queue_id`),
  ADD KEY `patient_id` (`patient_id`),
  ADD KEY `doctor_id` (`doctor_id`);

--
-- Indexes for table `reminders`
--
ALTER TABLE `reminders`
  ADD PRIMARY KEY (`reminder_id`),
  ADD KEY `patient_id` (`patient_id`);

--
-- Indexes for table `tokens`
--
ALTER TABLE `tokens`
  ADD PRIMARY KEY (`token_id`),
  ADD KEY `appointment_id` (`appointment_id`);

--
-- Indexes for table `users`
--
ALTER TABLE `users`
  ADD PRIMARY KEY (`user_id`),
  ADD UNIQUE KEY `username` (`username`);

--
-- Indexes for table `vaccinations`
--
ALTER TABLE `vaccinations`
  ADD PRIMARY KEY (`vaccination_id`),
  ADD KEY `patient_id` (`patient_id`);

--
-- AUTO_INCREMENT for dumped tables
--

--
-- AUTO_INCREMENT for table `appointments`
--
ALTER TABLE `appointments`
  MODIFY `appointment_id` int(11) NOT NULL AUTO_INCREMENT, AUTO_INCREMENT=176;

--
-- AUTO_INCREMENT for table `audit_log`
--
ALTER TABLE `audit_log`
  MODIFY `log_id` int(11) NOT NULL AUTO_INCREMENT, AUTO_INCREMENT=200;

--
-- AUTO_INCREMENT for table `departments`
--
ALTER TABLE `departments`
  MODIFY `department_id` int(11) NOT NULL AUTO_INCREMENT, AUTO_INCREMENT=16;

--
-- AUTO_INCREMENT for table `diet_plan`
--
ALTER TABLE `diet_plan`
  MODIFY `diet_id` int(11) NOT NULL AUTO_INCREMENT, AUTO_INCREMENT=172;

--
-- AUTO_INCREMENT for table `doctors`
--
ALTER TABLE `doctors`
  MODIFY `doctor_id` int(11) NOT NULL AUTO_INCREMENT, AUTO_INCREMENT=83;

--
-- AUTO_INCREMENT for table `feedback`
--
ALTER TABLE `feedback`
  MODIFY `feedback_id` int(11) NOT NULL AUTO_INCREMENT, AUTO_INCREMENT=173;

--
-- AUTO_INCREMENT for table `follow_up`
--
ALTER TABLE `follow_up`
  MODIFY `followup_id` int(11) NOT NULL AUTO_INCREMENT, AUTO_INCREMENT=177;

--
-- AUTO_INCREMENT for table `lab_tests`
--
ALTER TABLE `lab_tests`
  MODIFY `test_id` int(11) NOT NULL AUTO_INCREMENT, AUTO_INCREMENT=171;

--
-- AUTO_INCREMENT for table `login_history`
--
ALTER TABLE `login_history`
  MODIFY `login_id` int(11) NOT NULL AUTO_INCREMENT, AUTO_INCREMENT=171;

--
-- AUTO_INCREMENT for table `medical_history`
--
ALTER TABLE `medical_history`
  MODIFY `history_id` int(11) NOT NULL AUTO_INCREMENT, AUTO_INCREMENT=172;

--
-- AUTO_INCREMENT for table `medicine_issue`
--
ALTER TABLE `medicine_issue`
  MODIFY `issue_id` int(11) NOT NULL AUTO_INCREMENT, AUTO_INCREMENT=251;

--
-- AUTO_INCREMENT for table `patients`
--
ALTER TABLE `patients`
  MODIFY `patient_id` int(11) NOT NULL AUTO_INCREMENT, AUTO_INCREMENT=151;

--
-- AUTO_INCREMENT for table `payments`
--
ALTER TABLE `payments`
  MODIFY `payment_id` int(11) NOT NULL AUTO_INCREMENT, AUTO_INCREMENT=172;

--
-- AUTO_INCREMENT for table `pharmacy`
--
ALTER TABLE `pharmacy`
  MODIFY `medicine_id` int(11) NOT NULL AUTO_INCREMENT, AUTO_INCREMENT=141;

--
-- AUTO_INCREMENT for table `prescriptions`
--
ALTER TABLE `prescriptions`
  MODIFY `prescription_id` int(11) NOT NULL AUTO_INCREMENT, AUTO_INCREMENT=171;

--
-- AUTO_INCREMENT for table `prescription_medicines`
--
ALTER TABLE `prescription_medicines`
  MODIFY `id` int(11) NOT NULL AUTO_INCREMENT, AUTO_INCREMENT=451;

--
-- AUTO_INCREMENT for table `queue`
--
ALTER TABLE `queue`
  MODIFY `queue_id` int(11) NOT NULL AUTO_INCREMENT, AUTO_INCREMENT=171;

--
-- AUTO_INCREMENT for table `reminders`
--
ALTER TABLE `reminders`
  MODIFY `reminder_id` int(11) NOT NULL AUTO_INCREMENT, AUTO_INCREMENT=171;

--
-- AUTO_INCREMENT for table `tokens`
--
ALTER TABLE `tokens`
  MODIFY `token_id` int(11) NOT NULL AUTO_INCREMENT, AUTO_INCREMENT=171;

--
-- AUTO_INCREMENT for table `users`
--
ALTER TABLE `users`
  MODIFY `user_id` int(11) NOT NULL AUTO_INCREMENT, AUTO_INCREMENT=102;

--
-- AUTO_INCREMENT for table `vaccinations`
--
ALTER TABLE `vaccinations`
  MODIFY `vaccination_id` int(11) NOT NULL AUTO_INCREMENT, AUTO_INCREMENT=171;

--
-- Constraints for dumped tables
--

--
-- Constraints for table `appointments`
--
ALTER TABLE `appointments`
  ADD CONSTRAINT `appointments_ibfk_1` FOREIGN KEY (`patient_id`) REFERENCES `patients` (`patient_id`),
  ADD CONSTRAINT `appointments_ibfk_2` FOREIGN KEY (`doctor_id`) REFERENCES `doctors` (`doctor_id`);

--
-- Constraints for table `audit_log`
--
ALTER TABLE `audit_log`
  ADD CONSTRAINT `audit_log_ibfk_1` FOREIGN KEY (`user_id`) REFERENCES `users` (`user_id`);

--
-- Constraints for table `diet_plan`
--
ALTER TABLE `diet_plan`
  ADD CONSTRAINT `diet_plan_ibfk_1` FOREIGN KEY (`patient_id`) REFERENCES `patients` (`patient_id`),
  ADD CONSTRAINT `diet_plan_ibfk_2` FOREIGN KEY (`doctor_id`) REFERENCES `doctors` (`doctor_id`);

--
-- Constraints for table `doctors`
--
ALTER TABLE `doctors`
  ADD CONSTRAINT `doctors_ibfk_1` FOREIGN KEY (`department_id`) REFERENCES `departments` (`department_id`),
  ADD CONSTRAINT `doctors_ibfk_2` FOREIGN KEY (`user_id`) REFERENCES `users` (`user_id`) ON DELETE SET NULL;

--
-- Constraints for table `feedback`
--
ALTER TABLE `feedback`
  ADD CONSTRAINT `feedback_ibfk_1` FOREIGN KEY (`patient_id`) REFERENCES `patients` (`patient_id`),
  ADD CONSTRAINT `feedback_ibfk_2` FOREIGN KEY (`doctor_id`) REFERENCES `doctors` (`doctor_id`);

--
-- Constraints for table `follow_up`
--
ALTER TABLE `follow_up`
  ADD CONSTRAINT `follow_up_ibfk_1` FOREIGN KEY (`patient_id`) REFERENCES `patients` (`patient_id`),
  ADD CONSTRAINT `follow_up_ibfk_2` FOREIGN KEY (`doctor_id`) REFERENCES `doctors` (`doctor_id`);

--
-- Constraints for table `lab_tests`
--
ALTER TABLE `lab_tests`
  ADD CONSTRAINT `lab_tests_ibfk_1` FOREIGN KEY (`patient_id`) REFERENCES `patients` (`patient_id`),
  ADD CONSTRAINT `lab_tests_ibfk_2` FOREIGN KEY (`doctor_id`) REFERENCES `doctors` (`doctor_id`);

--
-- Constraints for table `login_history`
--
ALTER TABLE `login_history`
  ADD CONSTRAINT `login_history_ibfk_1` FOREIGN KEY (`user_id`) REFERENCES `users` (`user_id`);

--
-- Constraints for table `medical_history`
--
ALTER TABLE `medical_history`
  ADD CONSTRAINT `medical_history_ibfk_1` FOREIGN KEY (`patient_id`) REFERENCES `patients` (`patient_id`);

--
-- Constraints for table `medicine_issue`
--
ALTER TABLE `medicine_issue`
  ADD CONSTRAINT `medicine_issue_ibfk_1` FOREIGN KEY (`patient_id`) REFERENCES `patients` (`patient_id`),
  ADD CONSTRAINT `medicine_issue_ibfk_2` FOREIGN KEY (`medicine_id`) REFERENCES `pharmacy` (`medicine_id`);

--
-- Constraints for table `patients`
--
ALTER TABLE `patients`
  ADD CONSTRAINT `patients_ibfk_1` FOREIGN KEY (`user_id`) REFERENCES `users` (`user_id`) ON DELETE SET NULL;

--
-- Constraints for table `payments`
--
ALTER TABLE `payments`
  ADD CONSTRAINT `payments_ibfk_1` FOREIGN KEY (`patient_id`) REFERENCES `patients` (`patient_id`),
  ADD CONSTRAINT `payments_ibfk_2` FOREIGN KEY (`appointment_id`) REFERENCES `appointments` (`appointment_id`);

--
-- Constraints for table `prescriptions`
--
ALTER TABLE `prescriptions`
  ADD CONSTRAINT `prescriptions_ibfk_1` FOREIGN KEY (`patient_id`) REFERENCES `patients` (`patient_id`),
  ADD CONSTRAINT `prescriptions_ibfk_2` FOREIGN KEY (`doctor_id`) REFERENCES `doctors` (`doctor_id`),
  ADD CONSTRAINT `prescriptions_ibfk_3` FOREIGN KEY (`visit_id`) REFERENCES `appointments` (`appointment_id`);

--
-- Constraints for table `prescription_medicines`
--
ALTER TABLE `prescription_medicines`
  ADD CONSTRAINT `prescription_medicines_ibfk_1` FOREIGN KEY (`prescription_id`) REFERENCES `prescriptions` (`prescription_id`) ON DELETE CASCADE;

--
-- Constraints for table `queue`
--
ALTER TABLE `queue`
  ADD CONSTRAINT `queue_ibfk_1` FOREIGN KEY (`patient_id`) REFERENCES `patients` (`patient_id`),
  ADD CONSTRAINT `queue_ibfk_2` FOREIGN KEY (`doctor_id`) REFERENCES `doctors` (`doctor_id`);

--
-- Constraints for table `reminders`
--
ALTER TABLE `reminders`
  ADD CONSTRAINT `reminders_ibfk_1` FOREIGN KEY (`patient_id`) REFERENCES `patients` (`patient_id`);

--
-- Constraints for table `tokens`
--
ALTER TABLE `tokens`
  ADD CONSTRAINT `tokens_ibfk_1` FOREIGN KEY (`appointment_id`) REFERENCES `appointments` (`appointment_id`);

--
-- Constraints for table `vaccinations`
--
ALTER TABLE `vaccinations`
  ADD CONSTRAINT `vaccinations_ibfk_1` FOREIGN KEY (`patient_id`) REFERENCES `patients` (`patient_id`);
COMMIT;

/*!40101 SET CHARACTER_SET_CLIENT=@OLD_CHARACTER_SET_CLIENT */;
/*!40101 SET CHARACTER_SET_RESULTS=@OLD_CHARACTER_SET_RESULTS */;
/*!40101 SET COLLATION_CONNECTION=@OLD_COLLATION_CONNECTION */;
